UserName,EventType,IssueNumber,IssueCreatedTime
birdflyi,COMMENTED,572,2021-06-01T06:34:35
xiaoya-yaya,COMMENTED,572,2021-06-01T06:34:35
frank-zsy,COMMENTED,572,2021-06-01T06:34:35
xiaoya-yaya,ISSUE_OPEN,572,2021-06-01T06:34:35
WillemJiang,COMMENTED,767,2022-03-09T07:29:51
frank-zsy,COMMENTED,767,2022-03-09T07:29:51
will-ww,COMMENTED,767,2022-03-09T07:29:51
will-ww,LABELED,767,2022-03-09T07:29:51
will-ww,ISSUE_OPEN,767,2022-03-09T07:29:51
bifenglin,COMMENTED,782,2022-03-16T18:36:29
will-ww,ISSUE_OPEN,782,2022-03-16T18:36:29
frank-zsy,ISSUE_OPEN,864,2022-06-08T17:20:06
Tenth-crew,COMMENTED,864,2022-06-08T17:20:06
xiang824,COMMENTED,864,2022-06-08T17:20:06
XbbXbbX,COMMENTED,864,2022-06-08T17:20:06
lzm7,COMMENTED,864,2022-06-08T17:20:06
XuDashuai0827,COMMENTED,864,2022-06-08T17:20:06
Y-Hugo,COMMENTED,864,2022-06-08T17:20:06
Daserxqc,COMMENTED,864,2022-06-08T17:20:06
Deforb,COMMENTED,864,2022-06-08T17:20:06
chengshenglin,COMMENTED,864,2022-06-08T17:20:06
Funder666,COMMENTED,864,2022-06-08T17:20:06
yzyyyyyyyy,COMMENTED,864,2022-06-08T17:20:06
HdxL0V3,COMMENTED,864,2022-06-08T17:20:06
abcdefan,COMMENTED,864,2022-06-08T17:20:06
YaoYao-Pig,COMMENTED,864,2022-06-08T17:20:06
Peng99999,COMMENTED,864,2022-06-08T17:20:06
gloriaaa0312,COMMENTED,864,2022-06-08T17:20:06
Xsy41,COMMENTED,864,2022-06-08T17:20:06
huangfan0,COMMENTED,864,2022-06-08T17:20:06
HalloMelon,COMMENTED,864,2022-06-08T17:20:06
wangyantong2000,COMMENTED,864,2022-06-08T17:20:06
tyn1998,COMMENTED,864,2022-06-08T17:20:06
frank-zsy,COMMENTED,864,2022-06-08T17:20:06
will-ww,COMMENTED,864,2022-06-08T17:20:06
bifenglin,COMMENTED,864,2022-06-08T17:20:06
zhicheng-ning,COMMENTED,864,2022-06-08T17:20:06
xgdyp,COMMENTED,864,2022-06-08T17:20:06
gymgym1212,COMMENTED,864,2022-06-08T17:20:06
wangleo61,COMMENTED,864,2022-06-08T17:20:06
xiaoya-yaya,COMMENTED,864,2022-06-08T17:20:06
kongzhongsanbu,COMMENTED,864,2022-06-08T17:20:06
birdflyi,COMMENTED,864,2022-06-08T17:20:06
soobun,COMMENTED,864,2022-06-08T17:20:06
chunchill,COMMENTED,864,2022-06-08T17:20:06
wengzhenjie,COMMENTED,864,2022-06-08T17:20:06
zhuxiangning,COMMENTED,864,2022-06-08T17:20:06
longyanz,COMMENTED,864,2022-06-08T17:20:06
JingbenShi668,COMMENTED,864,2022-06-08T17:20:06
wxharry,COMMENTED,864,2022-06-08T17:20:06
PureNatural,COMMENTED,864,2022-06-08T17:20:06
tvbboy,COMMENTED,864,2022-06-08T17:20:06
AliceCodeZhang,COMMENTED,864,2022-06-08T17:20:06
Best-Eminem,COMMENTED,864,2022-06-08T17:20:06
betaberry,COMMENTED,864,2022-06-08T17:20:06
foursevenlove,COMMENTED,864,2022-06-08T17:20:06
lijinlus,COMMENTED,864,2022-06-08T17:20:06
blackburnnnn,COMMENTED,864,2022-06-08T17:20:06
19883235,COMMENTED,864,2022-06-08T17:20:06
Kx-Chen-99,COMMENTED,864,2022-06-08T17:20:06
wj23027,COMMENTED,864,2022-06-08T17:20:06
andyhuang18,COMMENTED,864,2022-06-08T17:20:06
lhbvvvvv,COMMENTED,864,2022-06-08T17:20:06
Zzzzzhuzhiwei,COMMENTED,864,2022-06-08T17:20:06
springyulu,COMMENTED,864,2022-06-08T17:20:06
Miaheeee,COMMENTED,864,2022-06-08T17:20:06
dlimeng,COMMENTED,864,2022-06-08T17:20:06
Bruce-Jay,COMMENTED,864,2022-06-08T17:20:06
Nliver,COMMENTED,864,2022-06-08T17:20:06
TieWay59,COMMENTED,864,2022-06-08T17:20:06
xiaoya-yaya,COMMENTED,1183,2023-02-09T01:53:43
frank-zsy,COMMENTED,1183,2023-02-09T01:53:43
frank-zsy,ISSUE_OPEN,1183,2023-02-09T01:53:43
tyn1998,COMMENTED,1208,2023-02-21T18:54:54
frank-zsy,COMMENTED,1208,2023-02-21T18:54:54
tyn1998,ISSUE_OPEN,1208,2023-02-21T18:54:54
Zzzzzhuzhiwei,ISSUE_OPEN,1238,2023-03-22T06:03:48
frank-zsy,COMMENTED,1263,2023-04-22T22:20:00
will-ww,ISSUE_OPEN,1263,2023-04-22T22:20:00
tyn1998,COMMENTED,1306,2023-06-01T21:01:14
frank-zsy,COMMENTED,1306,2023-06-01T21:01:14
tyn1998,ISSUE_OPEN,1306,2023-06-01T21:01:14
tyn1998,COMMENTED,1387,2023-09-13T00:03:19
frank-zsy,COMMENTED,1387,2023-09-13T00:03:19
WillemJiang,COMMENTED,1387,2023-09-13T00:03:19
frank-zsy,ISSUE_OPEN,1387,2023-09-13T00:03:19
stevending1st,COMMENTED,1431,2023-11-26T05:05:49
bifenglin,COMMENTED,1431,2023-11-26T05:05:49
stevending1st,ISSUE_OPEN,1431,2023-11-26T05:05:49
frank-zsy,ISSUE_OPEN,1465,2024-01-04T18:59:39
birdflyi,ISSUE_OPEN,1496,2024-01-11T04:56:01
PureNatural,ISSUE_OPEN,1525,2024-02-25T18:00:21
xxrelax,COMMENTED,1525,2024-02-25T18:00:21
DaiYoyo2,COMMENTED,1525,2024-02-25T18:00:21
xudingsheng,COMMENTED,1525,2024-02-25T18:00:21
Anduril666,COMMENTED,1525,2024-02-25T18:00:21
aHuang33,COMMENTED,1525,2024-02-25T18:00:21
hulelewin,COMMENTED,1525,2024-02-25T18:00:21
zxy292929,COMMENTED,1525,2024-02-25T18:00:21
wuhongyyyy,COMMENTED,1525,2024-02-25T18:00:21
wcynnn,COMMENTED,1525,2024-02-25T18:00:21
taketaketakeru,COMMENTED,1525,2024-02-25T18:00:21
CD22104,COMMENTED,1525,2024-02-25T18:00:21
goodperfection,COMMENTED,1525,2024-02-25T18:00:21
maitekakaxi,COMMENTED,1525,2024-02-25T18:00:21
zadwa,COMMENTED,1525,2024-02-25T18:00:21
weiyongfu2232,COMMENTED,1525,2024-02-25T18:00:21
Cyberleu,COMMENTED,1525,2024-02-25T18:00:21
Ouroboros5664,COMMENTED,1525,2024-02-25T18:00:21
hzshou,COMMENTED,1525,2024-02-25T18:00:21
yanghy233,COMMENTED,1525,2024-02-25T18:00:21
lzws,COMMENTED,1525,2024-02-25T18:00:21
Arthur-Boyle,COMMENTED,1525,2024-02-25T18:00:21
HaopuDong,COMMENTED,1525,2024-02-25T18:00:21
Imamtss,COMMENTED,1525,2024-02-25T18:00:21
Thrrreeee,COMMENTED,1525,2024-02-25T18:00:21
399617,COMMENTED,1525,2024-02-25T18:00:21
Cloni418,COMMENTED,1525,2024-02-25T18:00:21
zhangjiarui530,COMMENTED,1525,2024-02-25T18:00:21
JasonXQH,COMMENTED,1525,2024-02-25T18:00:21
xxddup,COMMENTED,1525,2024-02-25T18:00:21
EricHuSijie,COMMENTED,1525,2024-02-25T18:00:21
reset0514,COMMENTED,1525,2024-02-25T18:00:21
ChloeWenyiZhang,COMMENTED,1525,2024-02-25T18:00:21
fzzf09,COMMENTED,1525,2024-02-25T18:00:21
qcshentu,COMMENTED,1525,2024-02-25T18:00:21
zyy981012,COMMENTED,1525,2024-02-25T18:00:21
SSSSSSilly,COMMENTED,1525,2024-02-25T18:00:21
wouldmm,COMMENTED,1525,2024-02-25T18:00:21
zyzyzy3,COMMENTED,1525,2024-02-25T18:00:21
YJett,COMMENTED,1525,2024-02-25T18:00:21
Ld151739500002,COMMENTED,1525,2024-02-25T18:00:21
MaxWeeeell,COMMENTED,1525,2024-02-25T18:00:21
WelJunyu,COMMENTED,1525,2024-02-25T18:00:21
ECNU-51265903094,COMMENTED,1525,2024-02-25T18:00:21
woyaochimangguo,COMMENTED,1525,2024-02-25T18:00:21
beyond-mountains,COMMENTED,1525,2024-02-25T18:00:21
PureNatural,COMMENTED,1525,2024-02-25T18:00:21
wangyantong2000,COMMENTED,1525,2024-02-25T18:00:21
HalloMelon,COMMENTED,1525,2024-02-25T18:00:21
Tenth-crew,COMMENTED,1525,2024-02-25T18:00:21
will-ww,COMMENTED,1525,2024-02-25T18:00:21
wj23027,COMMENTED,1525,2024-02-25T18:00:21
elegaa,COMMENTED,1525,2024-02-25T18:00:21
CarterpillarOnGh,COMMENTED,1525,2024-02-25T18:00:21
kdai-910hr,COMMENTED,1525,2024-02-25T18:00:21
pry666,COMMENTED,1525,2024-02-25T18:00:21
mksyk,COMMENTED,1525,2024-02-25T18:00:21
GuoTeng-ECNU,COMMENTED,1525,2024-02-25T18:00:21
dbbDylan,COMMENTED,1525,2024-02-25T18:00:21
ZhmYe,COMMENTED,1525,2024-02-25T18:00:21
smog1995,COMMENTED,1525,2024-02-25T18:00:21
Neat12138,COMMENTED,1525,2024-02-25T18:00:21
xyjsophie,COMMENTED,1525,2024-02-25T18:00:21
zzlTim,COMMENTED,1525,2024-02-25T18:00:21
AnKate,COMMENTED,1525,2024-02-25T18:00:21
hongfangao,COMMENTED,1525,2024-02-25T18:00:21
Mark-00z,COMMENTED,1525,2024-02-25T18:00:21
dinyy,COMMENTED,1525,2024-02-25T18:00:21
Jankeeeeee,COMMENTED,1525,2024-02-25T18:00:21
lilian-r,COMMENTED,1525,2024-02-25T18:00:21
Fiveneves,COMMENTED,1525,2024-02-25T18:00:21
xiaoyingjing1,COMMENTED,1525,2024-02-25T18:00:21
mooricAnna,COMMENTED,1525,2024-02-25T18:00:21
AquariusAQ,COMMENTED,1525,2024-02-25T18:00:21
kxkllday,COMMENTED,1525,2024-02-25T18:00:21
xrhics,COMMENTED,1525,2024-02-25T18:00:21
Lengxiaoyi,COMMENTED,1525,2024-02-25T18:00:21
xiaoAugenstern,COMMENTED,1525,2024-02-25T18:00:21
huangfan0,COMMENTED,1525,2024-02-25T18:00:21
Qi-ming-Zhang,COMMENTED,1525,2024-02-25T18:00:21
ccloud0525,COMMENTED,1525,2024-02-25T18:00:21
YeexiaoZheng,COMMENTED,1525,2024-02-25T18:00:21
zzz-ovo,COMMENTED,1525,2024-02-25T18:00:21
yangxinyu7427,COMMENTED,1525,2024-02-25T18:00:21
iamSmallY,COMMENTED,1525,2024-02-25T18:00:21
worstwoman,COMMENTED,1525,2024-02-25T18:00:21
W1evy,COMMENTED,1525,2024-02-25T18:00:21
wblxxx,COMMENTED,1525,2024-02-25T18:00:21
MaYangrui6,COMMENTED,1525,2024-02-25T18:00:21
vitaminzl,COMMENTED,1525,2024-02-25T18:00:21
MarigWeizhi,COMMENTED,1525,2024-02-25T18:00:21
JiaheZhi,COMMENTED,1525,2024-02-25T18:00:21
MrH233,COMMENTED,1525,2024-02-25T18:00:21
Zzzzzhuzhiwei,ISSUE_OPEN,1547,2024-04-09T19:08:10
Peng99999,COMMENTED,1559,2024-05-18T22:48:30
wouldmm,COMMENTED,1559,2024-05-18T22:48:30
bifenglin,LABELED,1559,2024-05-18T22:48:30
Peng99999,ISSUE_OPEN,1559,2024-05-18T22:48:30
bifenglin,LABELED,1560,2024-05-18T23:52:53
Peng99999,ISSUE_OPEN,1560,2024-05-18T23:52:53
bifenglin,LABELED,1561,2024-05-19T01:02:21
Peng99999,ISSUE_OPEN,1561,2024-05-19T01:02:21
bifenglin,LABELED,1562,2024-05-19T01:27:47
Peng99999,ISSUE_OPEN,1562,2024-05-19T01:27:47
bifenglin,LABELED,1563,2024-05-19T02:08:46
Peng99999,ISSUE_OPEN,1563,2024-05-19T02:08:46
Peng99999,COMMENTED,1564,2024-05-19T02:42:32
Thrrreeee,COMMENTED,1564,2024-05-19T02:42:32
bifenglin,LABELED,1564,2024-05-19T02:42:32
Peng99999,ISSUE_OPEN,1564,2024-05-19T02:42:32
birdflyi,COMMENTED,1565,2024-05-19T02:51:40
Peng99999,COMMENTED,1565,2024-05-19T02:51:40
pry666,COMMENTED,1565,2024-05-19T02:51:40
bifenglin,LABELED,1565,2024-05-19T02:51:40
Peng99999,ISSUE_OPEN,1565,2024-05-19T02:51:40
Peng99999,ISSUE_OPEN,1598,2024-07-30T19:59:19
Peng99999,ISSUE_OPEN,1601,2024-08-13T19:36:11
xiaoya-yaya,COMMENTED,1608,2024-08-24T07:57:25
xiaoya-yaya,ISSUE_OPEN,1608,2024-08-24T07:57:25
frank-zsy,COMMENTED,1,2020-08-18T18:16:46
JerryKuan,COMMENTED,1,2020-08-18T18:16:46
will-ww,COMMENTED,1,2020-08-18T18:16:46
frank-zsy,ISSUE_OPEN,1,2020-08-18T18:16:46
frank-zsy,ISSUE_OPEN,2,2020-08-18T18:19:31
sunshinemingo,COMMENTED,3,2020-08-18T18:29:26
tianyichow,COMMENTED,3,2020-08-18T18:29:26
will-ww,COMMENTED,3,2020-08-18T18:29:26
frank-zsy,COMMENTED,3,2020-08-18T18:29:26
will-ww,ISSUE_OPEN,3,2020-08-18T18:29:26
frank-zsy,COMMENTED,7,2020-08-19T23:02:43
frank-zsy,ISSUE_OPEN,7,2020-08-19T23:02:43
frank-zsy,ISSUE_OPEN,12,2020-08-21T21:34:59
frank-zsy,ISSUE_OPEN,13,2020-08-21T21:38:00
frank-zsy,COMMENTED,20,2020-08-22T23:53:33
will-ww,COMMENTED,20,2020-08-22T23:53:33
frank-zsy,ISSUE_OPEN,20,2020-08-22T23:53:33
frank-zsy,COMMENTED,22,2020-08-23T00:07:57
heming6666,COMMENTED,22,2020-08-23T00:07:57
frank-zsy,ISSUE_OPEN,22,2020-08-23T00:07:57
frank-zsy,COMMENTED,23,2020-08-23T04:00:47
tianyichow,COMMENTED,23,2020-08-23T04:00:47
will-ww,COMMENTED,23,2020-08-23T04:00:47
frank-zsy,ISSUE_OPEN,23,2020-08-23T04:00:47
will-ww,COMMENTED,24,2020-08-23T04:05:12
frank-zsy,ISSUE_OPEN,24,2020-08-23T04:05:12
frank-zsy,COMMENTED,25,2020-08-23T04:23:02
xiaoya-yaya,COMMENTED,25,2020-08-23T04:23:02
frank-zsy,ISSUE_OPEN,25,2020-08-23T04:23:02
frank-zsy,COMMENTED,34,2020-08-24T21:09:59
will-ww,COMMENTED,34,2020-08-24T21:09:59
frank-zsy,ISSUE_OPEN,34,2020-08-24T21:09:59
sunshinemingo,COMMENTED,39,2020-08-25T16:50:48
frank-zsy,COMMENTED,39,2020-08-25T16:50:48
sunshinemingo,ISSUE_OPEN,39,2020-08-25T16:50:48
frank-zsy,COMMENTED,42,2020-08-27T03:13:59
sunshinemingo,COMMENTED,42,2020-08-27T03:13:59
will-ww,COMMENTED,42,2020-08-27T03:13:59
frank-zsy,ISSUE_OPEN,42,2020-08-27T03:13:59
frank-zsy,COMMENTED,54,2020-08-30T20:00:01
frank-zsy,COMMENTED,58,2020-09-01T06:18:00
sunshinemingo,ISSUE_OPEN,58,2020-09-01T06:18:00
frank-zsy,COMMENTED,77,2020-09-12T04:25:41
xiaoya-yaya,COMMENTED,77,2020-09-12T04:25:41
TieWay59,COMMENTED,77,2020-09-12T04:25:41
xiaoya-yaya,ISSUE_OPEN,77,2020-09-12T04:25:41
sunshinemingo,COMMENTED,82,2020-09-13T21:34:07
frank-zsy,ISSUE_OPEN,82,2020-09-13T21:34:07
frank-zsy,COMMENTED,83,2020-09-13T21:37:24
will-ww,COMMENTED,83,2020-09-13T21:37:24
frank-zsy,ISSUE_OPEN,83,2020-09-13T21:37:24
frank-zsy,COMMENTED,103,2020-09-20T18:14:08
gymgym1212,COMMENTED,103,2020-09-20T18:14:08
sunshinemingo,COMMENTED,103,2020-09-20T18:14:08
gymgym1212,ISSUE_OPEN,103,2020-09-20T18:14:08
sunshinemingo,COMMENTED,110,2020-09-25T00:50:05
frank-zsy,ISSUE_OPEN,110,2020-09-25T00:50:05
frank-zsy,COMMENTED,156,2020-10-26T20:40:21
sunshinemingo,ISSUE_OPEN,156,2020-10-26T20:40:21
frank-zsy,COMMENTED,157,2020-10-26T21:45:58
QuakeWang,ISSUE_OPEN,157,2020-10-26T21:45:58
stevending1st,COMMENTED,162,2020-10-29T05:28:51
frank-zsy,COMMENTED,162,2020-10-29T05:28:51
stevending1st,ISSUE_OPEN,162,2020-10-29T05:28:51
QuakeWang,COMMENTED,174,2020-11-05T18:30:06
frank-zsy,COMMENTED,174,2020-11-05T18:30:06
QuakeWang,ISSUE_OPEN,174,2020-11-05T18:30:06
frank-zsy,COMMENTED,182,2020-11-12T05:15:05
liwen-tj,ISSUE_OPEN,182,2020-11-12T05:15:05
frank-zsy,COMMENTED,204,2020-11-27T01:37:14
frank-zsy,ISSUE_OPEN,204,2020-11-27T01:37:14
frank-zsy,COMMENTED,205,2020-11-27T01:44:33
frank-zsy,ISSUE_OPEN,205,2020-11-27T01:44:33
wengzhenjie,COMMENTED,206,2020-11-27T01:47:23
frank-zsy,ISSUE_OPEN,206,2020-11-27T01:47:23
birdflyi,COMMENTED,207,2020-11-27T01:49:44
TieWay59,COMMENTED,207,2020-11-27T01:49:44
frank-zsy,ISSUE_OPEN,207,2020-11-27T01:49:44
frank-zsy,COMMENTED,208,2020-11-27T01:52:01
frank-zsy,ISSUE_OPEN,208,2020-11-27T01:52:01
frank-zsy,COMMENTED,209,2020-11-27T02:14:08
sunshinemingo,COMMENTED,209,2020-11-27T02:14:08
frank-zsy,ISSUE_OPEN,209,2020-11-27T02:14:08
frank-zsy,COMMENTED,216,2020-11-28T18:11:25
wengzhenjie,COMMENTED,216,2020-11-28T18:11:25
frank-zsy,LABELED,216,2020-11-28T18:11:25
frank-zsy,ISSUE_OPEN,216,2020-11-28T18:11:25
frank-zsy,COMMENTED,259,2020-12-16T19:41:17
sunshinemingo,COMMENTED,259,2020-12-16T19:41:17
frank-zsy,ISSUE_OPEN,259,2020-12-16T19:41:17
frank-zsy,COMMENTED,265,2020-12-17T03:18:43
frank-zsy,ISSUE_OPEN,265,2020-12-17T03:18:43
frank-zsy,COMMENTED,276,2020-12-18T19:01:24
chenxi112,COMMENTED,276,2020-12-18T19:01:24
frank-zsy,ISSUE_OPEN,276,2020-12-18T19:01:24
frank-zsy,COMMENTED,277,2020-12-18T19:08:26
TieWay59,COMMENTED,277,2020-12-18T19:08:26
frank-zsy,ISSUE_OPEN,277,2020-12-18T19:08:26
frank-zsy,COMMENTED,291,2020-12-23T02:28:53
gymgym1212,ISSUE_OPEN,291,2020-12-23T02:28:53
tianyichow,COMMENTED,293,2020-12-24T01:05:04
tianyichow,ISSUE_OPEN,293,2020-12-24T01:05:04
king-gao,COMMENTED,351,2021-01-07T18:42:38
frank-zsy,COMMENTED,351,2021-01-07T18:42:38
king-gao,ISSUE_OPEN,351,2021-01-07T18:42:38
frank-zsy,COMMENTED,368,2021-01-12T03:52:35
zhuxiangning,ISSUE_OPEN,368,2021-01-12T03:52:35
lizhiboo,ISSUE_OPEN,411,2021-01-30T05:52:37
FeynmanZhou,COMMENTED,470,2021-02-18T19:32:47
frank-zsy,COMMENTED,470,2021-02-18T19:32:47
zryfish,ISSUE_OPEN,470,2021-02-18T19:32:47
frank-zsy,COMMENTED,474,2021-02-19T22:23:29
wanganxp,ISSUE_OPEN,474,2021-02-19T22:23:29
jamieliu1023,COMMENTED,485,2021-02-22T19:02:05
frank-zsy,COMMENTED,485,2021-02-22T19:02:05
jamieliu1023,ISSUE_OPEN,485,2021-02-22T19:02:05
frank-zsy,COMMENTED,494,2021-03-25T05:17:14
will-ww,ISSUE_OPEN,494,2021-03-25T05:17:14
sunshinemingo,COMMENTED,497,2021-03-25T09:19:59
TieWay59,COMMENTED,497,2021-03-25T09:19:59
frank-zsy,COMMENTED,497,2021-03-25T09:19:59
sunshinemingo,ISSUE_OPEN,497,2021-03-25T09:19:59
wengzhenjie,COMMENTED,500,2021-03-28T04:07:38
frank-zsy,COMMENTED,500,2021-03-28T04:07:38
wengzhenjie,ISSUE_OPEN,500,2021-03-28T04:07:38
sunshinemingo,ISSUE_OPEN,505,2021-04-01T00:49:43
sunshinemingo,ISSUE_OPEN,506,2021-04-01T00:52:05
stevending1st,COMMENTED,507,2021-04-01T06:56:19
frank-zsy,COMMENTED,507,2021-04-01T06:56:19
stevending1st,ISSUE_OPEN,507,2021-04-01T06:56:19
stevending1st,COMMENTED,508,2021-04-01T07:24:24
frank-zsy,COMMENTED,508,2021-04-01T07:24:24
stevending1st,ISSUE_OPEN,508,2021-04-01T07:24:24
stevending1st,ISSUE_OPEN,509,2021-04-01T07:25:57
frank-zsy,COMMENTED,510,2021-04-01T17:42:34
stevending1st,ISSUE_OPEN,510,2021-04-01T17:42:34
stevending1st,COMMENTED,511,2021-04-01T18:06:41
frank-zsy,COMMENTED,511,2021-04-01T18:06:41
stevending1st,ISSUE_OPEN,511,2021-04-01T18:06:41
stevending1st,COMMENTED,512,2021-04-01T18:18:42
frank-zsy,COMMENTED,512,2021-04-01T18:18:42
stevending1st,ISSUE_OPEN,512,2021-04-01T18:18:42
LawrenceHecht,COMMENTED,513,2021-04-07T17:33:58
frank-zsy,COMMENTED,513,2021-04-07T17:33:58
LawrenceHecht,ISSUE_OPEN,513,2021-04-07T17:33:58
gymgym1212,COMMENTED,516,2021-04-08T05:17:48
bifenglin,COMMENTED,516,2021-04-08T05:17:48
stevending1st,COMMENTED,516,2021-04-08T05:17:48
sunshinemingo,ISSUE_OPEN,516,2021-04-08T05:17:48
TieWay59,COMMENTED,544,2021-04-29T07:35:28
wengzhenjie,COMMENTED,544,2021-04-29T07:35:28
frank-zsy,COMMENTED,544,2021-04-29T07:35:28
sunshinemingo,ISSUE_OPEN,544,2021-04-29T07:35:28
frank-zsy,COMMENTED,545,2021-04-29T07:48:55
sunshinemingo,ISSUE_OPEN,545,2021-04-29T07:48:55
frank-zsy,COMMENTED,546,2021-04-29T08:22:24
sunshinemingo,ISSUE_OPEN,546,2021-04-29T08:22:24
OSSome01,COMMENTED,552,2021-05-09T23:21:18
frank-zsy,COMMENTED,552,2021-05-09T23:21:18
sunshinemingo,COMMENTED,552,2021-05-09T23:21:18
sunshinemingo,ISSUE_OPEN,552,2021-05-09T23:21:18
frank-zsy,ISSUE_OPEN,556,2021-05-12T19:42:03
frank-zsy,COMMENTED,557,2021-05-15T00:32:02
seeflood,ISSUE_OPEN,557,2021-05-15T00:32:02
frank-zsy,COMMENTED,558,2021-05-15T04:49:32
gymgym1212,ISSUE_OPEN,558,2021-05-15T04:49:32
frank-zsy,COMMENTED,560,2021-05-18T01:14:19
frank-zsy,ISSUE_OPEN,560,2021-05-18T01:14:19
frank-zsy,ISSUE_OPEN,568,2021-06-01T03:22:44
frank-zsy,COMMENTED,570,2021-06-01T04:09:22
xiaoya-yaya,ISSUE_OPEN,570,2021-06-01T04:09:22
xiaoya-yaya,COMMENTED,571,2021-06-01T04:43:40
frank-zsy,COMMENTED,571,2021-06-01T04:43:40
xiaoya-yaya,ISSUE_OPEN,571,2021-06-01T04:43:40
xiaoya-yaya,COMMENTED,573,2021-06-01T06:52:42
frank-zsy,COMMENTED,573,2021-06-01T06:52:42
xiaoya-yaya,ISSUE_OPEN,573,2021-06-01T06:52:42
xiaoya-yaya,COMMENTED,574,2021-06-01T06:57:28
frank-zsy,COMMENTED,574,2021-06-01T06:57:28
xiaoya-yaya,ISSUE_OPEN,574,2021-06-01T06:57:28
xiaoya-yaya,COMMENTED,575,2021-06-01T07:02:19
frank-zsy,COMMENTED,575,2021-06-01T07:02:19
xiaoya-yaya,ISSUE_OPEN,575,2021-06-01T07:02:19
birdflyi,COMMENTED,576,2021-06-01T18:18:55
xiaoya-yaya,COMMENTED,576,2021-06-01T18:18:55
frank-zsy,COMMENTED,576,2021-06-01T18:18:55
xiaoya-yaya,ISSUE_OPEN,576,2021-06-01T18:18:55
xiaoya-yaya,ISSUE_OPEN,577,2021-06-01T18:38:02
frank-zsy,COMMENTED,578,2021-06-01T19:54:43
xgdyp,COMMENTED,578,2021-06-01T19:54:43
xiaoya-yaya,COMMENTED,578,2021-06-01T19:54:43
xiaoya-yaya,ISSUE_OPEN,578,2021-06-01T19:54:43
xiaoya-yaya,ISSUE_OPEN,579,2021-06-01T20:06:39
frank-zsy,COMMENTED,580,2021-06-01T20:27:05
xiaoya-yaya,ISSUE_OPEN,580,2021-06-01T20:27:05
frank-zsy,COMMENTED,581,2021-06-01T20:30:49
xiaoya-yaya,ISSUE_OPEN,581,2021-06-01T20:30:49
frank-zsy,COMMENTED,582,2021-06-01T20:45:47
xiaoya-yaya,ISSUE_OPEN,582,2021-06-01T20:45:47
xiaoya-yaya,ISSUE_OPEN,583,2021-06-01T20:49:42
frank-zsy,COMMENTED,584,2021-06-01T20:54:16
xiaoya-yaya,COMMENTED,584,2021-06-01T20:54:16
longyanz,COMMENTED,584,2021-06-01T20:54:16
xiaoya-yaya,ISSUE_OPEN,584,2021-06-01T20:54:16
xiaoya-yaya,ISSUE_OPEN,585,2021-06-01T21:06:08
frank-zsy,COMMENTED,586,2021-06-01T21:10:14
xiaoya-yaya,COMMENTED,586,2021-06-01T21:10:14
xgdyp,COMMENTED,586,2021-06-01T21:10:14
xiaoya-yaya,ISSUE_OPEN,586,2021-06-01T21:10:14
frank-zsy,COMMENTED,587,2021-06-01T21:18:39
xiaoya-yaya,COMMENTED,587,2021-06-01T21:18:39
xiaoya-yaya,ISSUE_OPEN,587,2021-06-01T21:18:39
birdflyi,COMMENTED,588,2021-06-01T21:38:20
frank-zsy,COMMENTED,588,2021-06-01T21:38:20
xiaoya-yaya,COMMENTED,588,2021-06-01T21:38:20
xiaoya-yaya,ISSUE_OPEN,588,2021-06-01T21:38:20
frank-zsy,COMMENTED,589,2021-06-01T21:45:04
xgdyp,COMMENTED,589,2021-06-01T21:45:04
longyanz,COMMENTED,589,2021-06-01T21:45:04
xiaoya-yaya,ISSUE_OPEN,589,2021-06-01T21:45:04
xiaoya-yaya,ISSUE_OPEN,590,2021-06-01T21:51:06
wangleo61,COMMENTED,591,2021-06-01T22:01:27
frank-zsy,COMMENTED,591,2021-06-01T22:01:27
xiaoya-yaya,ISSUE_OPEN,591,2021-06-01T22:01:27
xiaoya-yaya,ISSUE_OPEN,592,2021-06-01T22:09:19
xiaoya-yaya,COMMENTED,593,2021-06-01T22:18:02
xgdyp,COMMENTED,593,2021-06-01T22:18:02
xiaoya-yaya,ISSUE_OPEN,593,2021-06-01T22:18:02
xiaoya-yaya,COMMENTED,594,2021-06-01T22:33:07
frank-zsy,COMMENTED,594,2021-06-01T22:33:07
xiaoya-yaya,ISSUE_OPEN,594,2021-06-01T22:33:07
frank-zsy,COMMENTED,597,2021-06-02T18:04:47
frank-zsy,ISSUE_OPEN,597,2021-06-02T18:04:47
wey-gu,COMMENTED,599,2021-06-06T22:30:38
frank-zsy,COMMENTED,599,2021-06-06T22:30:38
wey-gu,ISSUE_OPEN,599,2021-06-06T22:30:38
frank-zsy,COMMENTED,602,2021-06-12T00:01:02
seeflood,COMMENTED,602,2021-06-12T00:01:02
wengzhenjie,COMMENTED,602,2021-06-12T00:01:02
seeflood,ISSUE_OPEN,602,2021-06-12T00:01:02
frank-zsy,COMMENTED,607,2021-06-22T07:29:43
sunshinemingo,ISSUE_OPEN,607,2021-06-22T07:29:43
stevending1st,COMMENTED,610,2021-06-24T19:21:45
frank-zsy,COMMENTED,610,2021-06-24T19:21:45
stevending1st,ISSUE_OPEN,610,2021-06-24T19:21:45
stevending1st,COMMENTED,611,2021-06-24T23:22:36
frank-zsy,COMMENTED,611,2021-06-24T23:22:36
stevending1st,ISSUE_OPEN,611,2021-06-24T23:22:36
sunshinemingo,COMMENTED,612,2021-06-24T23:46:25
stevending1st,COMMENTED,612,2021-06-24T23:46:25
frank-zsy,COMMENTED,612,2021-06-24T23:46:25
stevending1st,ISSUE_OPEN,612,2021-06-24T23:46:25
stevending1st,ISSUE_OPEN,613,2021-06-25T00:32:33
zhaojinchao95,COMMENTED,614,2021-06-27T00:16:23
sunshinemingo,COMMENTED,614,2021-06-27T00:16:23
WillemJiang,ISSUE_OPEN,614,2021-06-27T00:16:23
frank-zsy,COMMENTED,622,2021-07-14T07:26:43
sunshinemingo,ISSUE_OPEN,622,2021-07-14T07:26:43
stevending1st,ISSUE_OPEN,623,2021-07-14T18:24:01
stevending1st,COMMENTED,624,2021-07-14T18:41:20
sunshinemingo,COMMENTED,624,2021-07-14T18:41:20
stevending1st,ISSUE_OPEN,624,2021-07-14T18:41:20
stevending1st,COMMENTED,625,2021-07-14T19:22:55
stevending1st,ISSUE_OPEN,625,2021-07-14T19:22:55
frank-zsy,COMMENTED,634,2021-08-03T03:32:36
sunshinemingo,COMMENTED,634,2021-08-03T03:32:36
xgdyp,ISSUE_OPEN,634,2021-08-03T03:32:36
kongzhongsanbu,COMMENTED,636,2021-08-04T18:44:54
kongzhongsanbu,ISSUE_OPEN,636,2021-08-04T18:44:54
frank-zsy,COMMENTED,637,2021-08-08T04:48:17
stevending1st,ISSUE_OPEN,637,2021-08-08T04:48:17
frank-zsy,COMMENTED,638,2021-08-08T05:03:07
will-ww,COMMENTED,638,2021-08-08T05:03:07
stevending1st,ISSUE_OPEN,638,2021-08-08T05:03:07
sunshinemingo,ISSUE_OPEN,640,2021-08-08T07:27:18
frank-zsy,COMMENTED,669,2021-11-08T18:32:47
zhangliqing,ISSUE_OPEN,669,2021-11-08T18:32:47
winlinvip,COMMENTED,671,2021-11-12T04:48:23
frank-zsy,COMMENTED,671,2021-11-12T04:48:23
winlinvip,ISSUE_OPEN,671,2021-11-12T04:48:23
gymgym1212,COMMENTED,677,2021-11-22T21:49:03
frank-zsy,COMMENTED,677,2021-11-22T21:49:03
frank-zsy,ISSUE_OPEN,677,2021-11-22T21:49:03
frank-zsy,ISSUE_OPEN,682,2021-12-02T00:51:45
frank-zsy,COMMENTED,684,2021-12-02T01:14:13
alibaba-oss,COMMENTED,684,2021-12-02T01:14:13
alibaba-oss,ISSUE_OPEN,684,2021-12-02T01:14:13
alibaba-oss,COMMENTED,686,2021-12-02T01:58:52
frank-zsy,COMMENTED,686,2021-12-02T01:58:52
bifenglin,COMMENTED,686,2021-12-02T01:58:52
wengzhenjie,COMMENTED,686,2021-12-02T01:58:52
frank-zsy,ISSUE_OPEN,686,2021-12-02T01:58:52
gymgym1212,COMMENTED,688,2021-12-05T20:50:27
alibaba-oss,COMMENTED,688,2021-12-05T20:50:27
alibaba-oss,ISSUE_OPEN,688,2021-12-05T20:50:27
gymgym1212,COMMENTED,690,2021-12-07T21:15:21
gymgym1212,ISSUE_OPEN,690,2021-12-07T21:15:21
gymgym1212,COMMENTED,691,2021-12-07T21:54:06
gymgym1212,ISSUE_OPEN,691,2021-12-07T21:54:06
frank-zsy,COMMENTED,693,2021-12-08T18:05:35
gymgym1212,COMMENTED,693,2021-12-08T18:05:35
gymgym1212,ISSUE_OPEN,693,2021-12-08T18:05:35
gymgym1212,COMMENTED,695,2021-12-14T03:46:45
gymgym1212,ISSUE_OPEN,695,2021-12-14T03:46:45
gymgym1212,COMMENTED,696,2021-12-14T03:49:15
gymgym1212,ISSUE_OPEN,696,2021-12-14T03:49:15
gymgym1212,COMMENTED,703,2021-12-29T23:28:28
AlexStocks,ISSUE_OPEN,703,2021-12-29T23:28:28
frank-zsy,COMMENTED,704,2021-12-29T23:33:11
gymgym1212,COMMENTED,704,2021-12-29T23:33:11
alibaba-oss,COMMENTED,704,2021-12-29T23:33:11
alibaba-oss,ISSUE_OPEN,704,2021-12-29T23:33:11
frank-zsy,COMMENTED,707,2022-01-06T20:16:32
frank-zsy,ISSUE_OPEN,707,2022-01-06T20:16:32
wu-sheng,COMMENTED,712,2022-01-14T18:58:02
frank-zsy,COMMENTED,712,2022-01-14T18:58:02
wu-sheng,ISSUE_OPEN,712,2022-01-14T18:58:02
frank-zsy,COMMENTED,714,2022-01-15T02:39:21
frank-zsy,ISSUE_OPEN,714,2022-01-15T02:39:21
frank-zsy,COMMENTED,717,2022-01-17T16:56:06
LinuxSuRen,ISSUE_OPEN,717,2022-01-17T16:56:06
frank-zsy,COMMENTED,718,2022-01-18T04:31:47
maninhill,COMMENTED,718,2022-01-18T04:31:47
gymgym1212,COMMENTED,718,2022-01-18T04:31:47
gymgym1212,ISSUE_OPEN,718,2022-01-18T04:31:47
frank-zsy,COMMENTED,720,2022-01-21T22:47:28
stevending1st,ISSUE_OPEN,720,2022-01-21T22:47:28
frank-zsy,COMMENTED,721,2022-01-21T23:20:07
stevending1st,ISSUE_OPEN,721,2022-01-21T23:20:07
stevending1st,ISSUE_OPEN,722,2022-01-21T23:31:31
frank-zsy,COMMENTED,732,2022-02-22T23:44:13
xiaoya-yaya,COMMENTED,732,2022-02-22T23:44:13
xiaoya-yaya,ISSUE_OPEN,732,2022-02-22T23:44:13
frank-zsy,COMMENTED,733,2022-02-23T00:10:57
xiaoya-yaya,COMMENTED,733,2022-02-23T00:10:57
xiaoya-yaya,ISSUE_OPEN,733,2022-02-23T00:10:57
xiaoya-yaya,COMMENTED,734,2022-02-23T01:47:08
frank-zsy,COMMENTED,734,2022-02-23T01:47:08
xiaoya-yaya,ISSUE_OPEN,734,2022-02-23T01:47:08
frank-zsy,COMMENTED,735,2022-02-23T01:58:12
xiaoya-yaya,COMMENTED,735,2022-02-23T01:58:12
xiaoya-yaya,ISSUE_OPEN,735,2022-02-23T01:58:12
frank-zsy,COMMENTED,736,2022-02-23T02:08:37
xiaoya-yaya,ISSUE_OPEN,736,2022-02-23T02:08:37
frank-zsy,COMMENTED,749,2022-03-04T03:44:24
frank-zsy,ISSUE_OPEN,749,2022-03-04T03:44:24
frank-zsy,COMMENTED,751,2022-03-04T18:46:05
frank-zsy,ISSUE_OPEN,751,2022-03-04T18:46:05
xiaoya-yaya,COMMENTED,753,2022-03-04T19:13:49
xiaoya-yaya,ISSUE_OPEN,753,2022-03-04T19:13:49
frank-zsy,COMMENTED,754,2022-03-04T19:18:23
frank-zsy,ISSUE_OPEN,754,2022-03-04T19:18:23
xiaoya-yaya,COMMENTED,758,2022-03-05T02:42:33
xiaoya-yaya,ISSUE_OPEN,758,2022-03-05T02:42:33
xiaoya-yaya,COMMENTED,759,2022-03-05T03:53:43
xiaoya-yaya,ISSUE_OPEN,759,2022-03-05T03:53:43
sy-records,COMMENTED,768,2022-03-11T22:14:02
frank-zsy,COMMENTED,768,2022-03-11T22:14:02
sy-records,ISSUE_OPEN,768,2022-03-11T22:14:02
frank-zsy,COMMENTED,769,2022-03-12T03:22:08
maninhill,COMMENTED,769,2022-03-12T03:22:08
maninhill,ISSUE_OPEN,769,2022-03-12T03:22:08
maninhill,COMMENTED,770,2022-03-12T03:31:55
frank-zsy,COMMENTED,770,2022-03-12T03:31:55
maninhill,ISSUE_OPEN,770,2022-03-12T03:31:55
maninhill,COMMENTED,771,2022-03-12T03:39:26
frank-zsy,COMMENTED,771,2022-03-12T03:39:26
maninhill,ISSUE_OPEN,771,2022-03-12T03:39:26
will-ww,COMMENTED,781,2022-03-16T17:32:40
frank-zsy,COMMENTED,781,2022-03-16T17:32:40
frank-zsy,ISSUE_OPEN,781,2022-03-16T17:32:40
frank-zsy,COMMENTED,788,2022-03-22T17:22:16
maninhill,COMMENTED,788,2022-03-22T17:22:16
maninhill,ISSUE_OPEN,788,2022-03-22T17:22:16
frank-zsy,COMMENTED,789,2022-03-22T17:24:46
maninhill,COMMENTED,789,2022-03-22T17:24:46
maninhill,ISSUE_OPEN,789,2022-03-22T17:24:46
frank-zsy,COMMENTED,790,2022-03-22T17:27:26
maninhill,COMMENTED,790,2022-03-22T17:27:26
maninhill,ISSUE_OPEN,790,2022-03-22T17:27:26
frank-zsy,COMMENTED,791,2022-03-22T17:29:48
maninhill,COMMENTED,791,2022-03-22T17:29:48
maninhill,ISSUE_OPEN,791,2022-03-22T17:29:48
frank-zsy,COMMENTED,793,2022-03-22T20:36:47
gymgym1212,COMMENTED,793,2022-03-22T20:36:47
frank-zsy,ISSUE_OPEN,793,2022-03-22T20:36:47
xiaoya-yaya,COMMENTED,794,2022-03-22T23:55:24
frank-zsy,COMMENTED,794,2022-03-22T23:55:24
guilin-f2c,ISSUE_OPEN,794,2022-03-22T23:55:24
frank-zsy,COMMENTED,803,2022-03-31T23:22:04
frank-zsy,ISSUE_OPEN,803,2022-03-31T23:22:04
frank-zsy,COMMENTED,811,2022-04-06T00:04:15
frank-zsy,ISSUE_OPEN,811,2022-04-06T00:04:15
gymgym1212,COMMENTED,813,2022-04-07T18:05:53
frank-zsy,COMMENTED,813,2022-04-07T18:05:53
gymgym1212,ISSUE_OPEN,813,2022-04-07T18:05:53
frank-zsy,COMMENTED,814,2022-04-07T19:20:27
gymgym1212,ISSUE_OPEN,814,2022-04-07T19:20:27
frank-zsy,COMMENTED,817,2022-04-15T05:21:17
attlee-wang,ISSUE_OPEN,817,2022-04-15T05:21:17
frank-zsy,COMMENTED,827,2022-05-03T01:54:25
ScottWong98,ISSUE_OPEN,827,2022-05-03T01:54:25
frank-zsy,COMMENTED,830,2022-05-07T20:02:57
xiaoya-yaya,COMMENTED,830,2022-05-07T20:02:57
frank-zsy,ISSUE_OPEN,830,2022-05-07T20:02:57
antfu,COMMENTED,835,2022-05-10T22:31:01
gymgym1212,COMMENTED,835,2022-05-10T22:31:01
frank-zsy,COMMENTED,835,2022-05-10T22:31:01
antfu,ISSUE_OPEN,835,2022-05-10T22:31:01
frank-zsy,COMMENTED,841,2022-05-26T20:51:22
frank-zsy,ISSUE_OPEN,841,2022-05-26T20:51:22
will-ww,ISSUE_OPEN,842,2022-05-27T17:18:14
frank-zsy,ISSUE_OPEN,846,2022-05-30T16:16:38
frank-zsy,COMMENTED,848,2022-05-31T21:06:39
xgdyp,ISSUE_OPEN,848,2022-05-31T21:06:39
frank-zsy,COMMENTED,851,2022-06-05T03:51:52
yaqi0510,ISSUE_OPEN,851,2022-06-05T03:51:52
frank-zsy,ISSUE_OPEN,856,2022-06-05T22:59:42
frank-zsy,COMMENTED,860,2022-06-06T05:31:41
Best-Eminem,COMMENTED,860,2022-06-06T05:31:41
frank-zsy,ISSUE_OPEN,860,2022-06-06T05:31:41
tyn1998,COMMENTED,861,2022-06-06T19:02:47
frank-zsy,COMMENTED,861,2022-06-06T19:02:47
frank-zsy,ISSUE_OPEN,861,2022-06-06T19:02:47
frank-zsy,COMMENTED,868,2022-06-10T06:47:43
Angelia-Wang,ISSUE_OPEN,868,2022-06-10T06:47:43
gymgym1212,COMMENTED,872,2022-06-13T23:25:41
frank-zsy,COMMENTED,872,2022-06-13T23:25:41
gymgym1212,ISSUE_OPEN,872,2022-06-13T23:25:41
xiaoya-yaya,COMMENTED,875,2022-06-15T23:17:37
frank-zsy,COMMENTED,875,2022-06-15T23:17:37
xiaoya-yaya,ISSUE_OPEN,875,2022-06-15T23:17:37
xgdyp,COMMENTED,878,2022-06-16T20:42:52
frank-zsy,COMMENTED,878,2022-06-16T20:42:52
xiaoya-yaya,COMMENTED,878,2022-06-16T20:42:52
xiaoya-yaya,ISSUE_OPEN,878,2022-06-16T20:42:52
frank-zsy,COMMENTED,879,2022-06-17T19:04:19
maninhill,COMMENTED,879,2022-06-17T19:04:19
maninhill,ISSUE_OPEN,879,2022-06-17T19:04:19
frank-zsy,COMMENTED,880,2022-06-17T19:06:20
maninhill,COMMENTED,880,2022-06-17T19:06:20
maninhill,ISSUE_OPEN,880,2022-06-17T19:06:20
frank-zsy,COMMENTED,881,2022-06-17T19:08:00
maninhill,COMMENTED,881,2022-06-17T19:08:00
maninhill,ISSUE_OPEN,881,2022-06-17T19:08:00
maninhill,COMMENTED,882,2022-06-17T19:16:46
frank-zsy,COMMENTED,882,2022-06-17T19:16:46
maninhill,ISSUE_OPEN,882,2022-06-17T19:16:46
frank-zsy,ISSUE_OPEN,886,2022-06-20T19:07:19
bifenglin,COMMENTED,887,2022-06-21T03:52:18
frank-zsy,COMMENTED,887,2022-06-21T03:52:18
bifenglin,ISSUE_OPEN,887,2022-06-21T03:52:18
frank-zsy,COMMENTED,890,2022-06-21T23:43:25
maninhill,COMMENTED,890,2022-06-21T23:43:25
maninhill,ISSUE_OPEN,890,2022-06-21T23:43:25
Best-Eminem,COMMENTED,896,2022-06-30T03:03:27
xgdyp,COMMENTED,896,2022-06-30T03:03:27
frank-zsy,COMMENTED,896,2022-06-30T03:03:27
xgdyp,ISSUE_OPEN,896,2022-06-30T03:03:27
zhangliqiang,COMMENTED,898,2022-06-30T17:35:01
frank-zsy,COMMENTED,898,2022-06-30T17:35:01
zhangliqiang,ISSUE_OPEN,898,2022-06-30T17:35:01
frank-zsy,COMMENTED,908,2022-07-08T23:42:12
frank-zsy,ISSUE_OPEN,908,2022-07-08T23:42:12
frank-zsy,COMMENTED,914,2022-07-18T09:45:08
xgdyp,COMMENTED,914,2022-07-18T09:45:08
yoyo-wu98,COMMENTED,914,2022-07-18T09:45:08
yoyo-wu98,ISSUE_OPEN,914,2022-07-18T09:45:08
yoyo-wu98,COMMENTED,917,2022-07-20T04:05:13
frank-zsy,COMMENTED,917,2022-07-20T04:05:13
yoyo-wu98,ISSUE_OPEN,917,2022-07-20T04:05:13
frank-zsy,COMMENTED,919,2022-07-21T04:14:22
9luchai,ISSUE_OPEN,919,2022-07-21T04:14:22
longranger2,COMMENTED,920,2022-07-21T07:07:29
yoyo-wu98,COMMENTED,920,2022-07-21T07:07:29
longranger2,ISSUE_OPEN,920,2022-07-21T07:07:29
zhicheng-ning,COMMENTED,921,2022-07-22T23:51:29
yoyo-wu98,COMMENTED,921,2022-07-22T23:51:29
longranger2,COMMENTED,921,2022-07-22T23:51:29
frank-zsy,COMMENTED,921,2022-07-22T23:51:29
longranger2,ISSUE_OPEN,921,2022-07-22T23:51:29
Best-Eminem,COMMENTED,925,2022-07-26T21:17:05
frank-zsy,LABELED,925,2022-07-26T21:17:05
frank-zsy,COMMENTED,925,2022-07-26T21:17:05
Best-Eminem,ISSUE_OPEN,925,2022-07-26T21:17:05
longranger2,COMMENTED,930,2022-07-31T05:11:46
frank-zsy,COMMENTED,930,2022-07-31T05:11:46
longranger2,ISSUE_OPEN,930,2022-07-31T05:11:46
GuangmingLuo,COMMENTED,940,2022-08-08T18:50:43
frank-zsy,COMMENTED,940,2022-08-08T18:50:43
GuangmingLuo,ISSUE_OPEN,940,2022-08-08T18:50:43
frank-zsy,LABELED,941,2022-08-08T23:54:57
Best-Eminem,COMMENTED,941,2022-08-08T23:54:57
frank-zsy,COMMENTED,941,2022-08-08T23:54:57
Best-Eminem,ISSUE_OPEN,941,2022-08-08T23:54:57
Best-Eminem,COMMENTED,946,2022-08-13T00:36:30
frank-zsy,COMMENTED,946,2022-08-13T00:36:30
Best-Eminem,ISSUE_OPEN,946,2022-08-13T00:36:30
frank-zsy,COMMENTED,956,2022-09-01T02:53:29
antfin-oss,ISSUE_OPEN,956,2022-09-01T02:53:29
birdflyi,COMMENTED,961,2022-09-08T18:18:35
xgdyp,COMMENTED,961,2022-09-08T18:18:35
yanchaomei,COMMENTED,961,2022-09-08T18:18:35
frank-zsy,LABELED,961,2022-09-08T18:18:35
frank-zsy,ISSUE_OPEN,961,2022-09-08T18:18:35
frank-zsy,ISSUE_OPEN,962,2022-09-08T18:57:20
Best-Eminem,COMMENTED,966,2022-09-12T19:09:30
frank-zsy,COMMENTED,966,2022-09-12T19:09:30
zhicheng-ning,COMMENTED,966,2022-09-12T19:09:30
zhicheng-ning,ISSUE_OPEN,966,2022-09-12T19:09:30
lhbvvvvv,COMMENTED,968,2022-09-12T19:35:00
xgdyp,COMMENTED,968,2022-09-12T19:35:00
frank-zsy,COMMENTED,968,2022-09-12T19:35:00
yoyo-wu98,COMMENTED,968,2022-09-12T19:35:00
frank-zsy,ISSUE_OPEN,968,2022-09-12T19:35:00
will-ww,COMMENTED,977,2022-09-26T01:01:02
xgdyp,ISSUE_OPEN,977,2022-09-26T01:01:02
xgdyp,COMMENTED,978,2022-09-26T01:12:09
xgdyp,ISSUE_OPEN,978,2022-09-26T01:12:09
frank-zsy,COMMENTED,979,2022-09-28T04:18:12
xgdyp,COMMENTED,979,2022-09-28T04:18:12
zhicheng-ning,ISSUE_OPEN,979,2022-09-28T04:18:12
Best-Eminem,COMMENTED,981,2022-09-28T21:03:33
xgdyp,COMMENTED,981,2022-09-28T21:03:33
xgdyp,ISSUE_OPEN,981,2022-09-28T21:03:33
tyn1998,COMMENTED,986,2022-10-03T01:10:32
xgdyp,COMMENTED,986,2022-10-03T01:10:32
xgdyp,ISSUE_OPEN,986,2022-10-03T01:10:32
yoyo-wu98,COMMENTED,992,2022-10-10T00:06:36
xgdyp,COMMENTED,992,2022-10-10T00:06:36
xgdyp,ISSUE_OPEN,992,2022-10-10T00:06:36
xgdyp,COMMENTED,995,2022-10-11T19:55:33
tyn1998,COMMENTED,995,2022-10-11T19:55:33
xgdyp,LABELED,995,2022-10-11T19:55:33
xgdyp,ISSUE_OPEN,995,2022-10-11T19:55:33
zhicheng-ning,COMMENTED,996,2022-10-11T21:49:51
xgdyp,COMMENTED,996,2022-10-11T21:49:51
xgdyp,ISSUE_OPEN,996,2022-10-11T21:49:51
xgdyp,COMMENTED,999,2022-10-12T19:15:38
zhicheng-ning,COMMENTED,999,2022-10-12T19:15:38
zhicheng-ning,ISSUE_OPEN,999,2022-10-12T19:15:38
frank-zsy,COMMENTED,1002,2022-10-15T23:22:43
Peng99999,COMMENTED,1002,2022-10-15T23:22:43
xgdyp,COMMENTED,1002,2022-10-15T23:22:43
Peng99999,ISSUE_OPEN,1002,2022-10-15T23:22:43
frank-zsy,COMMENTED,1003,2022-10-16T20:00:04
xgdyp,COMMENTED,1003,2022-10-16T20:00:04
LinuxSuRen,COMMENTED,1003,2022-10-16T20:00:04
xiaoya-yaya,COMMENTED,1005,2022-10-16T22:27:59
xgdyp,ISSUE_OPEN,1005,2022-10-16T22:27:59
frank-zsy,COMMENTED,1006,2022-10-18T01:33:29
100liusir,COMMENTED,1006,2022-10-18T01:33:29
xgdyp,COMMENTED,1006,2022-10-18T01:33:29
100liusir,ISSUE_OPEN,1006,2022-10-18T01:33:29
LinuxSuRen,COMMENTED,1007,2022-10-18T05:51:28
frank-zsy,COMMENTED,1007,2022-10-18T05:51:28
LinuxSuRen,ISSUE_OPEN,1007,2022-10-18T05:51:28
frank-zsy,COMMENTED,1008,2022-10-19T23:23:14
xgdyp,COMMENTED,1008,2022-10-19T23:23:14
zhicheng-ning,COMMENTED,1008,2022-10-19T23:23:14
xgdyp,ISSUE_OPEN,1008,2022-10-19T23:23:14
Zzzzzhuzhiwei,COMMENTED,1010,2022-10-22T21:50:12
xgdyp,COMMENTED,1010,2022-10-22T21:50:12
tyn1998,ISSUE_OPEN,1010,2022-10-22T21:50:12
xgdyp,COMMENTED,1014,2022-10-25T00:57:57
bifenglin,ISSUE_OPEN,1014,2022-10-25T00:57:57
xgdyp,COMMENTED,1015,2022-10-25T19:43:06
frank-zsy,COMMENTED,1015,2022-10-25T19:43:06
xgdyp,ISSUE_OPEN,1015,2022-10-25T19:43:06
tmyisgod,COMMENTED,1016,2022-10-26T04:07:05
frank-zsy,COMMENTED,1016,2022-10-26T04:07:05
Lucyaaaaaaaa,ISSUE_OPEN,1016,2022-10-26T04:07:05
zhicheng-ning,COMMENTED,1017,2022-10-30T19:05:18
frank-zsy,COMMENTED,1017,2022-10-30T19:05:18
xgdyp,COMMENTED,1017,2022-10-30T19:05:18
zhicheng-ning,ISSUE_OPEN,1017,2022-10-30T19:05:18
lhbvvvvv,COMMENTED,1020,2022-10-30T21:03:16
xgdyp,COMMENTED,1020,2022-10-30T21:03:16
xgdyp,LABELED,1020,2022-10-30T21:03:16
xgdyp,ISSUE_OPEN,1020,2022-10-30T21:03:16
zhicheng-ning,COMMENTED,1023,2022-11-01T02:20:20
xgdyp,COMMENTED,1023,2022-11-01T02:20:20
lhbvvvvv,COMMENTED,1023,2022-11-01T02:20:20
zhicheng-ning,ISSUE_OPEN,1023,2022-11-01T02:20:20
xgdyp,ISSUE_OPEN,1025,2022-11-02T01:25:57
xgdyp,COMMENTED,1026,2022-11-03T19:31:13
longyanz,COMMENTED,1026,2022-11-03T19:31:13
frank-zsy,COMMENTED,1026,2022-11-03T19:31:13
longyanz,ISSUE_OPEN,1026,2022-11-03T19:31:13
frank-zsy,COMMENTED,1027,2022-11-06T07:23:03
zhangjinnan,ISSUE_OPEN,1027,2022-11-06T07:23:03
frank-zsy,COMMENTED,1030,2022-11-06T17:46:12
xgdyp,COMMENTED,1030,2022-11-06T17:46:12
zhicheng-ning,COMMENTED,1030,2022-11-06T17:46:12
frank-zsy,ISSUE_OPEN,1030,2022-11-06T17:46:12
frank-zsy,COMMENTED,1033,2022-11-08T00:27:15
zhicheng-ning,COMMENTED,1033,2022-11-08T00:27:15
frank-zsy,ISSUE_OPEN,1033,2022-11-08T00:27:15
xgdyp,ISSUE_OPEN,1034,2022-11-08T17:21:37
xgdyp,COMMENTED,1039,2022-11-10T21:54:54
zhicheng-ning,COMMENTED,1039,2022-11-10T21:54:54
xgdyp,ISSUE_OPEN,1039,2022-11-10T21:54:54
zhicheng-ning,COMMENTED,1040,2022-11-10T22:21:22
tyn1998,COMMENTED,1040,2022-11-10T22:21:22
frank-zsy,COMMENTED,1040,2022-11-10T22:21:22
frank-zsy,ISSUE_OPEN,1040,2022-11-10T22:21:22
Lucyaaaaaaaa,COMMENTED,1041,2022-11-10T23:32:25
frank-zsy,COMMENTED,1041,2022-11-10T23:32:25
Lucyaaaaaaaa,ISSUE_OPEN,1041,2022-11-10T23:32:25
xgdyp,COMMENTED,1043,2022-11-11T00:19:54
frank-zsy,COMMENTED,1043,2022-11-11T00:19:54
xgdyp,ISSUE_OPEN,1043,2022-11-11T00:19:54
frank-zsy,COMMENTED,1046,2022-11-17T17:52:27
frank-zsy,ISSUE_OPEN,1046,2022-11-17T17:52:27
xiaoya-yaya,COMMENTED,1047,2022-11-17T17:56:19
frank-zsy,COMMENTED,1047,2022-11-17T17:56:19
xgdyp,COMMENTED,1047,2022-11-17T17:56:19
frank-zsy,ISSUE_OPEN,1047,2022-11-17T17:56:19
frank-zsy,COMMENTED,1048,2022-11-17T22:31:14
frank-zsy,ISSUE_OPEN,1048,2022-11-17T22:31:14
frank-zsy,COMMENTED,1050,2022-11-17T23:15:43
frank-zsy,ISSUE_OPEN,1050,2022-11-17T23:15:43
frank-zsy,COMMENTED,1051,2022-11-17T23:34:00
frank-zsy,ISSUE_OPEN,1051,2022-11-17T23:34:00
frank-zsy,COMMENTED,1053,2022-11-19T21:48:32
frank-zsy,ISSUE_OPEN,1053,2022-11-19T21:48:32
xgdyp,COMMENTED,1055,2022-11-20T00:02:44
birdflyi,COMMENTED,1055,2022-11-20T00:02:44
frank-zsy,COMMENTED,1055,2022-11-20T00:02:44
frank-zsy,ISSUE_OPEN,1055,2022-11-20T00:02:44
frank-zsy,COMMENTED,1057,2022-11-20T02:35:13
frank-zsy,ISSUE_OPEN,1057,2022-11-20T02:35:13
frank-zsy,COMMENTED,1062,2022-11-22T17:10:54
xgdyp,ISSUE_OPEN,1062,2022-11-22T17:10:54
frank-zsy,COMMENTED,1064,2022-11-23T22:50:26
xgdyp,COMMENTED,1064,2022-11-23T22:50:26
frank-zsy,ISSUE_OPEN,1064,2022-11-23T22:50:26
frank-zsy,COMMENTED,1068,2022-11-24T19:51:56
birdflyi,COMMENTED,1068,2022-11-24T19:51:56
bifenglin,COMMENTED,1068,2022-11-24T19:51:56
xgdyp,COMMENTED,1068,2022-11-24T19:51:56
bifenglin,ISSUE_OPEN,1068,2022-11-24T19:51:56
frank-zsy,ISSUE_OPEN,1071,2022-11-28T00:18:11
frank-zsy,COMMENTED,1072,2022-11-28T02:30:51
frank-zsy,ISSUE_OPEN,1072,2022-11-28T02:30:51
tyn1998,COMMENTED,1074,2022-11-28T20:59:06
frank-zsy,COMMENTED,1074,2022-11-28T20:59:06
zhicheng-ning,COMMENTED,1074,2022-11-28T20:59:06
xgdyp,COMMENTED,1074,2022-11-28T20:59:06
zhicheng-ning,ISSUE_OPEN,1074,2022-11-28T20:59:06
xgdyp,ISSUE_OPEN,1077,2022-11-29T22:56:45
birdflyi,COMMENTED,1081,2022-12-04T06:46:53
tyn1998,COMMENTED,1081,2022-12-04T06:46:53
frank-zsy,COMMENTED,1081,2022-12-04T06:46:53
tyn1998,ISSUE_OPEN,1081,2022-12-04T06:46:53
frank-zsy,COMMENTED,1084,2022-12-05T18:55:54
frank-zsy,ISSUE_OPEN,1084,2022-12-05T18:55:54
frank-zsy,COMMENTED,1087,2022-12-06T18:58:59
frank-zsy,ISSUE_OPEN,1087,2022-12-06T18:58:59
xgdyp,COMMENTED,1088,2022-12-06T21:37:10
xgdyp,ISSUE_OPEN,1088,2022-12-06T21:37:10
frank-zsy,COMMENTED,1089,2022-12-09T00:40:47
bifenglin,COMMENTED,1089,2022-12-09T00:40:47
bifenglin,ISSUE_OPEN,1089,2022-12-09T00:40:47
frank-zsy,COMMENTED,1090,2022-12-11T03:05:09
yxgt01,ISSUE_OPEN,1090,2022-12-11T03:05:09
frank-zsy,COMMENTED,1093,2022-12-13T00:26:32
birdflyi,COMMENTED,1093,2022-12-13T00:26:32
birdflyi,ISSUE_OPEN,1093,2022-12-13T00:26:32
frank-zsy,COMMENTED,1095,2022-12-13T22:36:06
frank-zsy,ISSUE_OPEN,1095,2022-12-13T22:36:06
frank-zsy,COMMENTED,1105,2022-12-22T00:44:00
tyn1998,COMMENTED,1105,2022-12-22T00:44:00
frank-zsy,ISSUE_OPEN,1105,2022-12-22T00:44:00
frank-zsy,COMMENTED,1107,2022-12-22T20:36:10
zhicheng-ning,COMMENTED,1107,2022-12-22T20:36:10
zhicheng-ning,ISSUE_OPEN,1107,2022-12-22T20:36:10
tyn1998,COMMENTED,1109,2022-12-24T01:48:37
frank-zsy,COMMENTED,1109,2022-12-24T01:48:37
frank-zsy,ISSUE_OPEN,1109,2022-12-24T01:48:37
frank-zsy,ISSUE_OPEN,1115,2022-12-28T20:41:05
frank-zsy,COMMENTED,1121,2023-01-02T17:55:48
Yikun,ISSUE_OPEN,1121,2023-01-02T17:55:48
tisonkun,COMMENTED,1122,2023-01-03T17:11:44
frank-zsy,COMMENTED,1122,2023-01-03T17:11:44
frank-zsy,ISSUE_OPEN,1122,2023-01-03T17:11:44
Nliver,COMMENTED,1124,2023-01-03T21:12:45
frank-zsy,COMMENTED,1124,2023-01-03T21:12:45
Nliver,ISSUE_OPEN,1124,2023-01-03T21:12:45
will-ww,COMMENTED,1126,2023-01-03T23:19:02
frank-zsy,ISSUE_OPEN,1126,2023-01-03T23:19:02
xgdyp,COMMENTED,1128,2023-01-08T07:31:22
tyn1998,COMMENTED,1128,2023-01-08T07:31:22
PureNatural,COMMENTED,1128,2023-01-08T07:31:22
frank-zsy,COMMENTED,1128,2023-01-08T07:31:22
PureNatural,ISSUE_OPEN,1128,2023-01-08T07:31:22
frank-zsy,ISSUE_OPEN,1135,2023-01-10T01:58:42
will-ww,COMMENTED,1136,2023-01-11T02:48:46
xgdyp,COMMENTED,1136,2023-01-11T02:48:46
birdflyi,COMMENTED,1136,2023-01-11T02:48:46
birdflyi,ISSUE_OPEN,1136,2023-01-11T02:48:46
frank-zsy,ISSUE_OPEN,1142,2023-01-15T18:49:59
frank-zsy,LABELED,1143,2023-01-15T19:02:54
frank-zsy,ISSUE_OPEN,1143,2023-01-15T19:02:54
frank-zsy,COMMENTED,1144,2023-01-15T20:00:00
frank-zsy,COMMENTED,1153,2023-01-22T20:00:05
frank-zsy,COMMENTED,1160,2023-01-28T18:25:25
frank-zsy,ISSUE_OPEN,1160,2023-01-28T18:25:25
frank-zsy,ISSUE_OPEN,1161,2023-01-28T18:31:48
will-ww,COMMENTED,1163,2023-01-29T18:32:43
frank-zsy,COMMENTED,1163,2023-01-29T18:32:43
frank-zsy,ISSUE_OPEN,1163,2023-01-29T18:32:43
xgdyp,COMMENTED,1164,2023-01-29T20:00:06
frank-zsy,COMMENTED,1164,2023-01-29T20:00:06
tyn1998,COMMENTED,1168,2023-01-31T00:19:45
frank-zsy,COMMENTED,1168,2023-01-31T00:19:45
tyn1998,ISSUE_OPEN,1168,2023-01-31T00:19:45
frank-zsy,ISSUE_OPEN,1172,2023-02-03T01:43:39
frank-zsy,COMMENTED,1178,2023-02-07T19:11:56
frank-zsy,ISSUE_OPEN,1178,2023-02-07T19:11:56
frank-zsy,COMMENTED,1180,2023-02-08T21:21:42
xiaoya-yaya,COMMENTED,1180,2023-02-08T21:21:42
xiaoya-yaya,ISSUE_OPEN,1180,2023-02-08T21:21:42
tyn1998,COMMENTED,1186,2023-02-12T05:25:11
frank-zsy,COMMENTED,1186,2023-02-12T05:25:11
tyn1998,ISSUE_OPEN,1186,2023-02-12T05:25:11
Gdakgdak22,COMMENTED,1195,2023-02-13T18:06:52
frank-zsy,COMMENTED,1195,2023-02-13T18:06:52
frank-zsy,ISSUE_OPEN,1195,2023-02-13T18:06:52
frank-zsy,COMMENTED,1197,2023-02-13T22:21:18
frank-zsy,ISSUE_OPEN,1197,2023-02-13T22:21:18
frank-zsy,COMMENTED,1199,2023-02-13T23:00:11
frank-zsy,ISSUE_OPEN,1199,2023-02-13T23:00:11
frank-zsy,COMMENTED,1201,2023-02-14T06:29:30
xgdyp,COMMENTED,1201,2023-02-14T06:29:30
zhicheng-ning,ISSUE_OPEN,1201,2023-02-14T06:29:30
frank-zsy,COMMENTED,1210,2023-02-22T23:14:34
frank-zsy,ISSUE_OPEN,1210,2023-02-22T23:14:34
frank-zsy,COMMENTED,1212,2023-02-22T23:44:24
frank-zsy,ISSUE_OPEN,1212,2023-02-22T23:44:24
tisonkun,COMMENTED,1216,2023-02-26T04:31:51
frank-zsy,COMMENTED,1216,2023-02-26T04:31:51
tisonkun,ISSUE_OPEN,1216,2023-02-26T04:31:51
will-ww,ISSUE_OPEN,1217,2023-02-26T18:37:19
Jalingpp,COMMENTED,1217,2023-02-26T18:37:19
Lengxiaoyi,COMMENTED,1217,2023-02-26T18:37:19
Nliver,COMMENTED,1217,2023-02-26T18:37:19
pourquoi-1130,COMMENTED,1217,2023-02-26T18:37:19
AmbitionCX,COMMENTED,1217,2023-02-26T18:37:19
caiwanli,COMMENTED,1217,2023-02-26T18:37:19
yygs-yyss,COMMENTED,1217,2023-02-26T18:37:19
tyxtyxtyxtyx,COMMENTED,1217,2023-02-26T18:37:19
iclovemiku,COMMENTED,1217,2023-02-26T18:37:19
qqliang,COMMENTED,1217,2023-02-26T18:37:19
lroethan,COMMENTED,1217,2023-02-26T18:37:19
Kongbaimoon,COMMENTED,1217,2023-02-26T18:37:19
abcdabcd3899,COMMENTED,1217,2023-02-26T18:37:19
TW-githubs,COMMENTED,1217,2023-02-26T18:37:19
HunterHan,COMMENTED,1217,2023-02-26T18:37:19
xunx911,COMMENTED,1217,2023-02-26T18:37:19
Philosober,COMMENTED,1217,2023-02-26T18:37:19
springyulu,COMMENTED,1217,2023-02-26T18:37:19
JackWeiw,COMMENTED,1217,2023-02-26T18:37:19
Hcque,COMMENTED,1217,2023-02-26T18:37:19
iWYZ-666,COMMENTED,1217,2023-02-26T18:37:19
wypsz,COMMENTED,1217,2023-02-26T18:37:19
EiJuynah,COMMENTED,1217,2023-02-26T18:37:19
yangjie407,COMMENTED,1217,2023-02-26T18:37:19
nicole01101101zke,COMMENTED,1217,2023-02-26T18:37:19
PengChen12,COMMENTED,1217,2023-02-26T18:37:19
KAlbert2333,COMMENTED,1217,2023-02-26T18:37:19
itsKevin-lgy,COMMENTED,1217,2023-02-26T18:37:19
YinZheng-Sun,COMMENTED,1217,2023-02-26T18:37:19
yyq08042,COMMENTED,1217,2023-02-26T18:37:19
xiaoyujinghe,COMMENTED,1217,2023-02-26T18:37:19
yz2022,COMMENTED,1217,2023-02-26T18:37:19
EIPsilly,COMMENTED,1217,2023-02-26T18:37:19
smell-iron,COMMENTED,1217,2023-02-26T18:37:19
JinaoLiu,COMMENTED,1217,2023-02-26T18:37:19
Missjust,COMMENTED,1217,2023-02-26T18:37:19
yfsn666,COMMENTED,1217,2023-02-26T18:37:19
zhouchenyi2000,COMMENTED,1217,2023-02-26T18:37:19
ghost,COMMENTED,1217,2023-02-26T18:37:19
Skydzl,COMMENTED,1217,2023-02-26T18:37:19
gongchenghua,COMMENTED,1217,2023-02-26T18:37:19
TengLuoLuo,COMMENTED,1217,2023-02-26T18:37:19
will-ww,COMMENTED,1217,2023-02-26T18:37:19
andyhuang18,COMMENTED,1217,2023-02-26T18:37:19
lhbvvvvv,COMMENTED,1217,2023-02-26T18:37:19
wj23027,COMMENTED,1217,2023-02-26T18:37:19
Zzzzzhuzhiwei,COMMENTED,1217,2023-02-26T18:37:19
zzyzeyuan,COMMENTED,1217,2023-02-26T18:37:19
Goinggoinggoing,COMMENTED,1217,2023-02-26T18:37:19
Ashura5,COMMENTED,1217,2023-02-26T18:37:19
wengsy150943,COMMENTED,1217,2023-02-26T18:37:19
hsy77,COMMENTED,1217,2023-02-26T18:37:19
hyDududu,COMMENTED,1217,2023-02-26T18:37:19
WuDi329,COMMENTED,1217,2023-02-26T18:37:19
qkgoalkeeper,COMMENTED,1217,2023-02-26T18:37:19
HEHEhe00,COMMENTED,1217,2023-02-26T18:37:19
lh123cha,COMMENTED,1217,2023-02-26T18:37:19
RTEnzyme,COMMENTED,1217,2023-02-26T18:37:19
GiveMeAnApple99,COMMENTED,1217,2023-02-26T18:37:19
DarkHighness,COMMENTED,1217,2023-02-26T18:37:19
Tamiflu233,COMMENTED,1217,2023-02-26T18:37:19
heroding77,COMMENTED,1217,2023-02-26T18:37:19
momentNi,COMMENTED,1217,2023-02-26T18:37:19
xwyzsn,COMMENTED,1217,2023-02-26T18:37:19
ifshine,COMMENTED,1217,2023-02-26T18:37:19
JasonZhujp,COMMENTED,1217,2023-02-26T18:37:19
wujwyi,COMMENTED,1217,2023-02-26T18:37:19
Liuyushiii,COMMENTED,1217,2023-02-26T18:37:19
Chastelovee,COMMENTED,1217,2023-02-26T18:37:19
zhangbububu,COMMENTED,1217,2023-02-26T18:37:19
594Surefour,COMMENTED,1217,2023-02-26T18:37:19
Freejww,COMMENTED,1217,2023-02-26T18:37:19
LinRS1999,COMMENTED,1217,2023-02-26T18:37:19
gdbaixuefeng,COMMENTED,1217,2023-02-26T18:37:19
rad9-13,COMMENTED,1217,2023-02-26T18:37:19
Yukiho1028,COMMENTED,1217,2023-02-26T18:37:19
JinkaiXu,COMMENTED,1217,2023-02-26T18:37:19
gqq1210,COMMENTED,1217,2023-02-26T18:37:19
Wind-Gone,COMMENTED,1217,2023-02-26T18:37:19
lxr599,COMMENTED,1217,2023-02-26T18:37:19
hzhang4433,COMMENTED,1217,2023-02-26T18:37:19
HaoyangShi,COMMENTED,1217,2023-02-26T18:37:19
renrenyouyuyu,COMMENTED,1217,2023-02-26T18:37:19
tang-small-flower,COMMENTED,1217,2023-02-26T18:37:19
tennnx,COMMENTED,1217,2023-02-26T18:37:19
Breaddsmall,COMMENTED,1217,2023-02-26T18:37:19
tiertie,COMMENTED,1217,2023-02-26T18:37:19
See-r,COMMENTED,1217,2023-02-26T18:37:19
RainforestC,COMMENTED,1217,2023-02-26T18:37:19
Zzzzzhuzhiwei,COMMENTED,1221,2023-03-02T03:07:45
frank-zsy,COMMENTED,1221,2023-03-02T03:07:45
Zzzzzhuzhiwei,ISSUE_OPEN,1221,2023-03-02T03:07:45
xgdyp,COMMENTED,1228,2023-03-08T03:45:07
yanchaomei,COMMENTED,1228,2023-03-08T03:45:07
frank-zsy,LABELED,1228,2023-03-08T03:45:07
frank-zsy,COMMENTED,1228,2023-03-08T03:45:07
zhicheng-ning,ISSUE_OPEN,1228,2023-03-08T03:45:07
xgdyp,COMMENTED,1232,2023-03-13T19:33:24
frank-zsy,COMMENTED,1232,2023-03-13T19:33:24
alibaba-oss,ISSUE_OPEN,1232,2023-03-13T19:33:24
xueqidove,COMMENTED,1233,2023-03-15T05:18:46
tyn1998,COMMENTED,1233,2023-03-15T05:18:46
xueqidove,ISSUE_OPEN,1233,2023-03-15T05:18:46
frank-zsy,COMMENTED,1234,2023-03-20T17:12:18
xgdyp,COMMENTED,1234,2023-03-20T17:12:18
maninhill,ISSUE_OPEN,1234,2023-03-20T17:12:18
tyn1998,COMMENTED,1235,2023-03-21T01:40:29
Nliver,COMMENTED,1235,2023-03-21T01:40:29
frank-zsy,COMMENTED,1235,2023-03-21T01:40:29
xgdyp,COMMENTED,1235,2023-03-21T01:40:29
Nliver,ISSUE_OPEN,1235,2023-03-21T01:40:29
Zzzzzhuzhiwei,ISSUE_OPEN,1237,2023-03-22T05:15:55
bifenglin,COMMENTED,1243,2023-03-29T01:54:20
bifenglin,ISSUE_OPEN,1243,2023-03-29T01:54:20
birdflyi,COMMENTED,1245,2023-04-04T13:05:08
birdflyi,ISSUE_OPEN,1245,2023-04-04T13:05:08
frank-zsy,COMMENTED,1246,2023-04-04T21:26:43
xgdyp,COMMENTED,1246,2023-04-04T21:26:43
xgdyp,ISSUE_OPEN,1246,2023-04-04T21:26:43
Zzzzzhuzhiwei,ISSUE_OPEN,1247,2023-04-04T22:32:11
Zzzzzhuzhiwei,COMMENTED,1249,2023-04-05T17:11:05
will-ww,COMMENTED,1249,2023-04-05T17:11:05
frank-zsy,COMMENTED,1249,2023-04-05T17:11:05
will-ww,ISSUE_OPEN,1249,2023-04-05T17:11:05
xgdyp,COMMENTED,1252,2023-04-11T01:36:58
Zzzzzhuzhiwei,ISSUE_OPEN,1252,2023-04-11T01:36:58
birdflyi,COMMENTED,1253,2023-04-12T14:53:27
birdflyi,ISSUE_OPEN,1253,2023-04-12T14:53:27
dasenCoding,COMMENTED,1255,2023-04-14T23:02:25
xgdyp,COMMENTED,1255,2023-04-14T23:02:25
dasenCoding,ISSUE_OPEN,1255,2023-04-14T23:02:25
frank-zsy,COMMENTED,1256,2023-04-15T23:33:44
xgdyp,COMMENTED,1256,2023-04-15T23:33:44
tyn1998,COMMENTED,1256,2023-04-15T23:33:44
tyn1998,ISSUE_OPEN,1256,2023-04-15T23:33:44
lhbvvvvv,COMMENTED,1265,2023-04-24T15:39:32
xgdyp,COMMENTED,1265,2023-04-24T15:39:32
tc2000731,COMMENTED,1265,2023-04-24T15:39:32
xgdyp,ISSUE_OPEN,1265,2023-04-24T15:39:32
lhbvvvvv,COMMENTED,1266,2023-04-24T16:41:08
Lllllolita,COMMENTED,1266,2023-04-24T16:41:08
dwxa,COMMENTED,1266,2023-04-24T16:41:08
Zzzzzhuzhiwei,COMMENTED,1266,2023-04-24T16:41:08
yanchaomei,COMMENTED,1266,2023-04-24T16:41:08
frank-zsy,COMMENTED,1266,2023-04-24T16:41:08
xgdyp,ISSUE_OPEN,1266,2023-04-24T16:41:08
birdflyi,COMMENTED,1268,2023-04-26T07:21:00
frank-zsy,COMMENTED,1268,2023-04-26T07:21:00
birdflyi,ISSUE_OPEN,1268,2023-04-26T07:21:00
stevending1st,ISSUE_OPEN,1269,2023-04-26T21:19:07
zhicheng-ning,COMMENTED,1270,2023-04-26T22:26:59
stevending1st,COMMENTED,1270,2023-04-26T22:26:59
frank-zsy,COMMENTED,1270,2023-04-26T22:26:59
stevending1st,ISSUE_OPEN,1270,2023-04-26T22:26:59
frank-zsy,COMMENTED,1271,2023-04-27T07:37:01
essldd,ISSUE_OPEN,1271,2023-04-27T07:37:01
tc2000731,COMMENTED,1272,2023-04-28T08:11:25
tc2000731,ISSUE_OPEN,1272,2023-04-28T08:11:25
xgdyp,COMMENTED,1274,2023-04-29T04:19:52
jhzhou002,ISSUE_OPEN,1274,2023-04-29T04:19:52
xgdyp,COMMENTED,1276,2023-05-01T23:46:33
jhzhou002,ISSUE_OPEN,1276,2023-05-01T23:46:33
Zzzzzhuzhiwei,ISSUE_OPEN,1277,2023-05-02T20:27:42
frank-zsy,LABELED,1279,2023-05-03T05:43:06
frank-zsy,COMMENTED,1279,2023-05-03T05:43:06
PureNatural,COMMENTED,1279,2023-05-03T05:43:06
PureNatural,ISSUE_OPEN,1279,2023-05-03T05:43:06
jhzhou002,COMMENTED,1280,2023-05-04T18:34:24
xgdyp,COMMENTED,1280,2023-05-04T18:34:24
jhzhou002,ISSUE_OPEN,1280,2023-05-04T18:34:24
birdflyi,COMMENTED,1283,2023-05-07T19:08:18
birdflyi,ISSUE_OPEN,1283,2023-05-07T19:08:18
bifenglin,COMMENTED,1286,2023-05-08T00:14:00
Zzzzzhuzhiwei,COMMENTED,1286,2023-05-08T00:14:00
frank-zsy,COMMENTED,1286,2023-05-08T00:14:00
bifenglin,ISSUE_OPEN,1286,2023-05-08T00:14:00
zhicheng-ning,COMMENTED,1291,2023-05-15T18:19:20
xgdyp,COMMENTED,1291,2023-05-15T18:19:20
jhzhou002,ISSUE_OPEN,1291,2023-05-15T18:19:20
Zzzzzhuzhiwei,ISSUE_OPEN,1293,2023-05-16T19:09:54
frank-zsy,COMMENTED,1297,2023-05-21T20:00:03
stevending1st,COMMENTED,1299,2023-05-25T20:41:25
frank-zsy,COMMENTED,1299,2023-05-25T20:41:25
stevending1st,ISSUE_OPEN,1299,2023-05-25T20:41:25
xiaoya-yaya,COMMENTED,1302,2023-05-29T01:46:25
xiaoya-yaya,ISSUE_OPEN,1302,2023-05-29T01:46:25
Zzzzzhuzhiwei,ISSUE_OPEN,1304,2023-05-30T17:59:43
birdflyi,COMMENTED,1313,2023-06-12T16:53:42
birdflyi,ISSUE_OPEN,1313,2023-06-12T16:53:42
birdflyi,COMMENTED,1315,2023-06-13T00:37:40
birdflyi,ISSUE_OPEN,1315,2023-06-13T00:37:40
Zzzzzhuzhiwei,COMMENTED,1317,2023-06-13T17:42:51
xgdyp,COMMENTED,1317,2023-06-13T17:42:51
will-ww,COMMENTED,1317,2023-06-13T17:42:51
Zzzzzhuzhiwei,ISSUE_OPEN,1317,2023-06-13T17:42:51
Zzzzzhuzhiwei,COMMENTED,1319,2023-06-18T22:53:14
Zzzzzhuzhiwei,ISSUE_OPEN,1319,2023-06-18T22:53:14
bifenglin,COMMENTED,1321,2023-06-21T02:12:12
Zzzzzhuzhiwei,COMMENTED,1321,2023-06-21T02:12:12
xgdyp,COMMENTED,1321,2023-06-21T02:12:12
Zzzzzhuzhiwei,ISSUE_OPEN,1321,2023-06-21T02:12:12
PureNatural,COMMENTED,1322,2023-06-21T20:51:20
PureNatural,ISSUE_OPEN,1322,2023-06-21T20:51:20
Zzzzzhuzhiwei,ISSUE_OPEN,1326,2023-06-26T06:05:38
bifenglin,COMMENTED,1329,2023-07-02T22:49:23
will-ww,COMMENTED,1329,2023-07-02T22:49:23
frank-zsy,COMMENTED,1329,2023-07-02T22:49:23
bifenglin,ISSUE_OPEN,1329,2023-07-02T22:49:23
stevending1st,COMMENTED,1331,2023-07-03T20:04:12
frank-zsy,COMMENTED,1331,2023-07-03T20:04:12
stevending1st,ISSUE_OPEN,1331,2023-07-03T20:04:12
Zzzzzhuzhiwei,ISSUE_OPEN,1335,2023-07-09T22:23:21
frank-zsy,COMMENTED,1338,2023-07-10T22:35:46
WillemJiang,ISSUE_OPEN,1338,2023-07-10T22:35:46
frank-zsy,ISSUE_OPEN,1342,2023-07-18T00:47:53
Zzzzzhuzhiwei,COMMENTED,1348,2023-07-25T06:39:15
Zzzzzhuzhiwei,ISSUE_OPEN,1348,2023-07-25T06:39:15
frank-zsy,ISSUE_OPEN,1350,2023-07-31T01:12:15
birdflyi,COMMENTED,1351,2023-07-31T07:54:36
birdflyi,ISSUE_OPEN,1351,2023-07-31T07:54:36
Gdakgdak22,COMMENTED,1355,2023-08-04T10:53:59
Gdakgdak22,ISSUE_OPEN,1355,2023-08-04T10:53:59
frank-zsy,ISSUE_OPEN,1357,2023-08-06T20:02:00
frank-zsy,COMMENTED,1360,2023-08-08T00:50:29
Zzzzzhuzhiwei,ISSUE_OPEN,1360,2023-08-08T00:50:29
Zzzzzhuzhiwei,ISSUE_OPEN,1361,2023-08-08T04:48:26
frank-zsy,COMMENTED,1362,2023-08-11T01:29:39
frank-zsy,ISSUE_OPEN,1362,2023-08-11T01:29:39
frank-zsy,COMMENTED,1364,2023-08-13T02:18:24
tyn1998,ISSUE_OPEN,1364,2023-08-13T02:18:24
xgdyp,COMMENTED,1366,2023-08-14T17:53:23
frank-zsy,COMMENTED,1366,2023-08-14T17:53:23
jhzhou002,ISSUE_OPEN,1366,2023-08-14T17:53:23
Zzzzzhuzhiwei,ISSUE_OPEN,1368,2023-08-22T14:49:41
xgdyp,COMMENTED,1371,2023-08-23T20:01:24
xiaoya-yaya,COMMENTED,1371,2023-08-23T20:01:24
xiaoya-yaya,ISSUE_OPEN,1371,2023-08-23T20:01:24
frank-zsy,COMMENTED,1374,2023-08-25T00:45:45
frank-zsy,ISSUE_OPEN,1374,2023-08-25T00:45:45
birdflyi,COMMENTED,1376,2023-08-26T07:42:32
birdflyi,ISSUE_OPEN,1376,2023-08-26T07:42:32
PureNatural,COMMENTED,1380,2023-08-31T09:52:35
PureNatural,ISSUE_OPEN,1380,2023-08-31T09:52:35
Zzzzzhuzhiwei,ISSUE_OPEN,1384,2023-09-05T04:39:47
Zzzzzhuzhiwei,COMMENTED,1385,2023-09-05T23:19:17
frank-zsy,COMMENTED,1385,2023-09-05T23:19:17
Zzzzzhuzhiwei,ISSUE_OPEN,1385,2023-09-05T23:19:17
frank-zsy,COMMENTED,1388,2023-09-15T19:21:50
WillemJiang,ISSUE_OPEN,1388,2023-09-15T19:21:50
birdflyi,COMMENTED,1393,2023-09-26T07:59:58
birdflyi,ISSUE_OPEN,1393,2023-09-26T07:59:58
Zzzzzhuzhiwei,ISSUE_OPEN,1396,2023-10-03T20:24:03
frank-zsy,COMMENTED,1397,2023-10-03T22:59:01
WillemJiang,ISSUE_OPEN,1397,2023-10-03T22:59:01
frank-zsy,COMMENTED,1398,2023-10-06T18:58:22
alibaba-oss,ISSUE_OPEN,1398,2023-10-06T18:58:22
frank-zsy,ISSUE_OPEN,1400,2023-10-08T18:08:48
frank-zsy,ISSUE_OPEN,1406,2023-10-12T17:45:45
frank-zsy,COMMENTED,1407,2023-10-12T17:55:29
frank-zsy,ISSUE_OPEN,1407,2023-10-12T17:55:29
frank-zsy,COMMENTED,1408,2023-10-13T00:22:42
Zzzzzhuzhiwei,COMMENTED,1408,2023-10-13T00:22:42
ZhangChunXian,ISSUE_OPEN,1408,2023-10-13T00:22:42
wj23027,COMMENTED,1411,2023-10-17T00:42:54
Zzzzzhuzhiwei,ISSUE_OPEN,1411,2023-10-17T00:42:54
srsxyc,COMMENTED,1414,2023-10-24T04:50:24
frank-zsy,COMMENTED,1414,2023-10-24T04:50:24
PureNatural,ISSUE_OPEN,1414,2023-10-24T04:50:24
Peng99999,COMMENTED,1415,2023-10-27T04:16:51
frank-zsy,COMMENTED,1415,2023-10-27T04:16:51
Peng99999,ISSUE_OPEN,1415,2023-10-27T04:16:51
birdflyi,COMMENTED,1416,2023-10-27T05:57:27
birdflyi,ISSUE_OPEN,1416,2023-10-27T05:57:27
Zzzzzhuzhiwei,ISSUE_OPEN,1420,2023-10-30T21:45:24
frank-zsy,COMMENTED,1421,2023-10-31T20:57:40
mahongweichina,COMMENTED,1421,2023-10-31T20:57:40
wj23027,ISSUE_OPEN,1421,2023-10-31T20:57:40
Zzzzzhuzhiwei,ISSUE_OPEN,1428,2023-11-14T05:36:56
frank-zsy,COMMENTED,1430,2023-11-21T06:18:19
stevending1st,COMMENTED,1430,2023-11-21T06:18:19
tyn1998,COMMENTED,1430,2023-11-21T06:18:19
stevending1st,ISSUE_OPEN,1430,2023-11-21T06:18:19
birdflyi,COMMENTED,1433,2023-11-28T10:25:49
birdflyi,ISSUE_OPEN,1433,2023-11-28T10:25:49
Zzzzzhuzhiwei,ISSUE_OPEN,1435,2023-11-28T15:16:41
frank-zsy,COMMENTED,1437,2023-11-30T01:40:45
frank-zsy,ISSUE_OPEN,1437,2023-11-30T01:40:45
frank-zsy,COMMENTED,1440,2023-12-10T18:32:40
alibaba-oss,ISSUE_OPEN,1440,2023-12-10T18:32:40
Zzzzzhuzhiwei,ISSUE_OPEN,1444,2023-12-12T05:49:37
frank-zsy,COMMENTED,1447,2023-12-14T16:06:04
will-ww,COMMENTED,1447,2023-12-14T16:06:04
PureNatural,COMMENTED,1447,2023-12-14T16:06:04
will-ww,ISSUE_OPEN,1447,2023-12-14T16:06:04
frank-zsy,COMMENTED,1449,2023-12-16T00:23:58
lhbvvvvv,ISSUE_OPEN,1449,2023-12-16T00:23:58
frank-zsy,COMMENTED,1454,2023-12-26T00:02:28
frank-zsy,ISSUE_OPEN,1454,2023-12-26T00:02:28
Zzzzzhuzhiwei,ISSUE_OPEN,1456,2023-12-26T07:47:39
birdflyi,COMMENTED,1457,2023-12-31T11:39:40
birdflyi,ISSUE_OPEN,1457,2023-12-31T11:39:40
birdflyi,COMMENTED,1463,2024-01-04T04:41:33
frank-zsy,COMMENTED,1463,2024-01-04T04:41:33
birdflyi,ISSUE_OPEN,1463,2024-01-04T04:41:33
longyanz,COMMENTED,1468,2024-01-06T02:29:56
longyanz,ISSUE_OPEN,1468,2024-01-06T02:29:56
longyanz,COMMENTED,1469,2024-01-06T02:51:00
longyanz,ISSUE_OPEN,1469,2024-01-06T02:51:00
longyanz,COMMENTED,1470,2024-01-06T03:12:28
longyanz,ISSUE_OPEN,1470,2024-01-06T03:12:28
frank-zsy,COMMENTED,1474,2024-01-08T07:45:53
longyanz,COMMENTED,1474,2024-01-08T07:45:53
longyanz,ISSUE_OPEN,1474,2024-01-08T07:45:53
Zzzzzhuzhiwei,ISSUE_OPEN,1478,2024-01-09T06:09:38
longyanz,COMMENTED,1481,2024-01-09T21:01:44
longyanz,ISSUE_OPEN,1481,2024-01-09T21:01:44
frank-zsy,COMMENTED,1483,2024-01-09T22:45:52
longyanz,COMMENTED,1483,2024-01-09T22:45:52
longyanz,ISSUE_OPEN,1483,2024-01-09T22:45:52
birdflyi,COMMENTED,1484,2024-01-09T22:52:00
birdflyi,ISSUE_OPEN,1484,2024-01-09T22:52:00
frank-zsy,COMMENTED,1488,2024-01-10T01:05:19
longyanz,COMMENTED,1488,2024-01-10T01:05:19
longyanz,ISSUE_OPEN,1488,2024-01-10T01:05:19
frank-zsy,COMMENTED,1490,2024-01-11T00:07:06
frank-zsy,ISSUE_OPEN,1490,2024-01-11T00:07:06
frank-zsy,COMMENTED,1492,2024-01-11T00:59:01
frank-zsy,ISSUE_OPEN,1492,2024-01-11T00:59:01
frank-zsy,COMMENTED,1494,2024-01-11T03:05:11
WillemJiang,ISSUE_OPEN,1494,2024-01-11T03:05:11
frank-zsy,COMMENTED,1497,2024-01-11T17:47:20
frank-zsy,ISSUE_OPEN,1497,2024-01-11T17:47:20
frank-zsy,COMMENTED,1499,2024-01-14T18:56:48
frank-zsy,ISSUE_OPEN,1499,2024-01-14T18:56:48
frank-zsy,COMMENTED,1501,2024-01-14T20:57:17
alibaba-oss,ISSUE_OPEN,1501,2024-01-14T20:57:17
birdflyi,COMMENTED,1517,2024-01-27T17:17:37
birdflyi,ISSUE_OPEN,1517,2024-01-27T17:17:37
frank-zsy,COMMENTED,1520,2024-02-01T01:46:15
hiraeth-wangd,ISSUE_OPEN,1520,2024-02-01T01:46:15
frank-zsy,COMMENTED,1521,2024-02-03T18:02:20
frank-zsy,ISSUE_OPEN,1521,2024-02-03T18:02:20
frank-zsy,COMMENTED,1523,2024-02-06T00:23:58
flyfishzy,ISSUE_OPEN,1523,2024-02-06T00:23:58
binary5,COMMENTED,1524,2024-02-19T19:39:04
ljcui,COMMENTED,1524,2024-02-19T19:39:04
frank-zsy,COMMENTED,1524,2024-02-19T19:39:04
ljcui,ISSUE_OPEN,1524,2024-02-19T19:39:04
frank-zsy,COMMENTED,1526,2024-02-26T01:27:09
JackLCL,ISSUE_OPEN,1526,2024-02-26T01:27:09
birdflyi,COMMENTED,1528,2024-02-29T08:14:35
birdflyi,ISSUE_OPEN,1528,2024-02-29T08:14:35
stephanykz,ISSUE_OPEN,1531,2024-03-06T00:20:30
frank-zsy,COMMENTED,1533,2024-03-13T02:32:02
tony08-08,ISSUE_OPEN,1533,2024-03-13T02:32:02
Zzzzzhuzhiwei,ISSUE_OPEN,1534,2024-03-19T04:50:51
frank-zsy,COMMENTED,1535,2024-03-20T03:38:20
bluejeams,ISSUE_OPEN,1535,2024-03-20T03:38:20
frank-zsy,COMMENTED,1536,2024-03-22T03:26:21
PureNatural,ISSUE_OPEN,1536,2024-03-22T03:26:21
frank-zsy,ISSUE_OPEN,1540,2024-03-27T17:59:16
birdflyi,COMMENTED,1543,2024-03-31T07:22:04
birdflyi,ISSUE_OPEN,1543,2024-03-31T07:22:04
guqing,ISSUE_OPEN,1545,2024-04-04T05:06:53
frank-zsy,COMMENTED,1548,2024-04-22T03:26:49
pacoxu,COMMENTED,1548,2024-04-22T03:26:49
pacoxu,ISSUE_OPEN,1548,2024-04-22T03:26:49
frank-zsy,COMMENTED,1549,2024-04-29T01:08:43
ljcui,ISSUE_OPEN,1549,2024-04-29T01:08:43
binary5,COMMENTED,1550,2024-04-29T01:38:36
frank-zsy,COMMENTED,1550,2024-04-29T01:38:36
binary5,ISSUE_OPEN,1550,2024-04-29T01:38:36
birdflyi,COMMENTED,1551,2024-04-30T08:11:47
birdflyi,ISSUE_OPEN,1551,2024-04-30T08:11:47
binary5,COMMENTED,1553,2024-05-05T05:38:18
frank-zsy,COMMENTED,1553,2024-05-05T05:38:18
binary5,ISSUE_OPEN,1553,2024-05-05T05:38:18
frank-zsy,ISSUE_OPEN,1555,2024-05-14T06:26:02
frank-zsy,ISSUE_OPEN,1557,2024-05-14T06:54:00
Peng99999,ISSUE_OPEN,1566,2024-05-21T01:11:29
binary5,COMMENTED,1567,2024-05-22T01:34:53
frank-zsy,COMMENTED,1567,2024-05-22T01:34:53
binary5,ISSUE_OPEN,1567,2024-05-22T01:34:53
frank-zsy,COMMENTED,1568,2024-05-22T18:29:42
Nliver,ISSUE_OPEN,1568,2024-05-22T18:29:42
binary5,COMMENTED,1570,2024-05-24T02:58:54
frank-zsy,COMMENTED,1570,2024-05-24T02:58:54
binary5,ISSUE_OPEN,1570,2024-05-24T02:58:54
birdflyi,COMMENTED,1573,2024-05-29T16:58:25
birdflyi,ISSUE_OPEN,1573,2024-05-29T16:58:25
Peng99999,ISSUE_OPEN,1577,2024-06-04T09:20:11
Peng99999,COMMENTED,1578,2024-06-09T09:17:02
birdflyi,COMMENTED,1578,2024-06-09T09:17:02
Peng99999,ISSUE_OPEN,1578,2024-06-09T09:17:02
frank-zsy,LABELED,1579,2024-06-10T03:32:01
frank-zsy,COMMENTED,1579,2024-06-10T03:32:01
zhingoll,ISSUE_OPEN,1579,2024-06-10T03:32:01
birdflyi,COMMENTED,1580,2024-06-18T19:17:48
Peng99999,ISSUE_OPEN,1580,2024-06-18T19:17:48
birdflyi,COMMENTED,1582,2024-06-30T01:15:52
birdflyi,ISSUE_OPEN,1582,2024-06-30T01:15:52
Peng99999,ISSUE_OPEN,1585,2024-07-02T19:32:15
frank-zsy,COMMENTED,1588,2024-07-03T07:49:14
birdflyi,ISSUE_OPEN,1588,2024-07-03T07:49:14
maninhill,COMMENTED,1590,2024-07-04T07:43:37
frank-zsy,COMMENTED,1590,2024-07-04T07:43:37
maninhill,ISSUE_OPEN,1590,2024-07-04T07:43:37
frank-zsy,COMMENTED,1591,2024-07-05T21:02:29
Thrrreeee,ISSUE_OPEN,1591,2024-07-05T21:02:29
Peng99999,ISSUE_OPEN,1593,2024-07-16T19:42:41
birdflyi,COMMENTED,1599,2024-07-31T08:35:34
birdflyi,ISSUE_OPEN,1599,2024-07-31T08:35:34
xiaoya-yaya,COMMENTED,1603,2024-08-18T00:27:05
xiaoya-yaya,ISSUE_OPEN,1603,2024-08-18T00:27:05
frank-zsy,NORMAL_COMMENT,1208,2023-02-21T18:54:54
frank-zsy,PR_OPEN,1208,2023-02-21T18:54:54
Thrrreeee,PR_OPEN,1564,2024-05-19T02:42:32
frank-zsy,NORMAL_COMMENT,2,2020-08-18T18:19:31
frank-zsy,PR_OPEN,2,2020-08-18T18:19:31
frank-zsy,PR_OPEN,1430,2023-11-21T06:18:19
frank-zsy,NORMAL_COMMENT,1217,2023-02-26T18:37:19
frank-zsy,PR_OPEN,12,2020-08-21T21:34:59
frank-zsy,NORMAL_COMMENT,1234,2023-03-20T17:12:18
frank-zsy,PR_OPEN,1234,2023-03-20T17:12:18
frank-zsy,NORMAL_COMMENT,1233,2023-03-15T05:18:46
frank-zsy,PR_OPEN,1233,2023-03-15T05:18:46
frank-zsy,NORMAL_COMMENT,1218,2023-02-26T20:00:06
frank-zsy,PR_OPEN,1218,2023-02-26T20:00:06
frank-zsy,NORMAL_COMMENT,1212,2023-02-22T23:44:24
frank-zsy,PR_OPEN,1212,2023-02-22T23:44:24
frank-zsy,NORMAL_COMMENT,1135,2023-01-10T01:58:42
frank-zsy,PR_OPEN,1135,2023-01-10T01:58:42
frank-zsy,NORMAL_COMMENT,1126,2023-01-03T23:19:02
frank-zsy,PR_OPEN,1126,2023-01-03T23:19:02
frank-zsy,NORMAL_COMMENT,1115,2022-12-28T20:41:05
frank-zsy,PR_OPEN,1115,2022-12-28T20:41:05
frank-zsy,NORMAL_COMMENT,1105,2022-12-22T00:44:00
frank-zsy,PR_OPEN,1105,2022-12-22T00:44:00
frank-zsy,NORMAL_COMMENT,1100,2022-12-18T20:00:04
frank-zsy,PR_OPEN,1100,2022-12-18T20:00:04
frank-zsy,NORMAL_COMMENT,1057,2022-11-20T02:35:13
frank-zsy,PR_OPEN,1057,2022-11-20T02:35:13
frank-zsy,NORMAL_COMMENT,13,2020-08-21T21:38:00
frank-zsy,PR_OPEN,13,2020-08-21T21:38:00
will-ww,NORMAL_COMMENT,20,2020-08-22T23:53:33
frank-zsy,NORMAL_COMMENT,20,2020-08-22T23:53:33
frank-zsy,PR_OPEN,20,2020-08-22T23:53:33
frank-zsy,NORMAL_COMMENT,856,2022-06-05T22:59:42
frank-zsy,NORMAL_COMMENT,24,2020-08-23T04:05:12
kitewu,REVIEW_COMMENT,24,2020-08-23T04:05:12
frank-zsy,PR_OPEN,24,2020-08-23T04:05:12
heming6666,NORMAL_COMMENT,34,2020-08-24T21:09:59
heming6666,REVIEW_COMMENT,34,2020-08-24T21:09:59
frank-zsy,PR_OPEN,34,2020-08-24T21:09:59
sunshinemingo,NORMAL_COMMENT,24,2020-08-23T04:05:12
frank-zsy,NORMAL_COMMENT,776,2022-03-13T20:00:02
heming6666,NORMAL_COMMENT,42,2020-08-27T03:13:59
frank-zsy,NORMAL_COMMENT,42,2020-08-27T03:13:59
heming6666,REVIEW_COMMENT,42,2020-08-27T03:13:59
frank-zsy,PR_OPEN,42,2020-08-27T03:13:59
heming6666,REVIEW_COMMENT,39,2020-08-25T16:50:48
frank-zsy,PR_OPEN,39,2020-08-25T16:50:48
frank-zsy,NORMAL_COMMENT,286,2020-12-20T20:00:00
heming6666,REVIEW_COMMENT,58,2020-09-01T06:18:00
frank-zsy,PR_OPEN,58,2020-09-01T06:18:00
frank-zsy,NORMAL_COMMENT,22,2020-08-23T00:07:57
heming6666,NORMAL_COMMENT,22,2020-08-23T00:07:57
heming6666,REVIEW_COMMENT,22,2020-08-23T00:07:57
frank-zsy,REVIEW_COMMENT,22,2020-08-23T00:07:57
heming6666,PR_OPEN,22,2020-08-23T00:07:57
sunshinemingo,NORMAL_COMMENT,83,2020-09-13T21:37:24
frank-zsy,NORMAL_COMMENT,83,2020-09-13T21:37:24
frank-zsy,PR_OPEN,83,2020-09-13T21:37:24
sunshinemingo,NORMAL_COMMENT,914,2022-07-18T09:45:08
sunshinemingo,NORMAL_COMMENT,842,2022-05-27T17:18:14
frank-zsy,NORMAL_COMMENT,914,2022-07-18T09:45:08
frank-zsy,PR_OPEN,914,2022-07-18T09:45:08
sunshinemingo,NORMAL_COMMENT,1249,2023-04-05T17:11:05
sunshinemingo,NORMAL_COMMENT,1243,2023-03-29T01:54:20
sunshinemingo,NORMAL_COMMENT,1239,2023-03-26T20:00:03
sunshinemingo,NORMAL_COMMENT,1234,2023-03-20T17:12:18
sunshinemingo,NORMAL_COMMENT,1233,2023-03-15T05:18:46
sunshinemingo,NORMAL_COMMENT,1218,2023-02-26T20:00:06
sunshinemingo,NORMAL_COMMENT,1212,2023-02-22T23:44:24
sunshinemingo,NORMAL_COMMENT,1135,2023-01-10T01:58:42
sunshinemingo,NORMAL_COMMENT,1126,2023-01-03T23:19:02
sunshinemingo,NORMAL_COMMENT,1040,2022-11-10T22:21:22
sunshinemingo,NORMAL_COMMENT,577,2021-06-01T18:38:02
frank-zsy,NORMAL_COMMENT,577,2021-06-01T18:38:02
sunshinemingo,PR_OPEN,577,2021-06-01T18:38:02
sunshinemingo,NORMAL_COMMENT,82,2020-09-13T21:34:07
frank-zsy,NORMAL_COMMENT,82,2020-09-13T21:34:07
sunshinemingo,PR_OPEN,82,2020-09-13T21:34:07
sunshinemingo,NORMAL_COMMENT,205,2020-11-27T01:44:33
frank-zsy,NORMAL_COMMENT,205,2020-11-27T01:44:33
frank-zsy,PR_OPEN,205,2020-11-27T01:44:33
wengzhenjie,NORMAL_COMMENT,1107,2022-12-22T20:36:10
frank-zsy,NORMAL_COMMENT,1107,2022-12-22T20:36:10
sunshinemingo,NORMAL_COMMENT,1107,2022-12-22T20:36:10
wengzhenjie,REVIEW_COMMENT,1107,2022-12-22T20:36:10
frank-zsy,REVIEW_COMMENT,1107,2022-12-22T20:36:10
wengzhenjie,PR_OPEN,1107,2022-12-22T20:36:10
wengzhenjie,NORMAL_COMMENT,216,2020-11-28T18:11:25
frank-zsy,NORMAL_COMMENT,216,2020-11-28T18:11:25
sunshinemingo,NORMAL_COMMENT,216,2020-11-28T18:11:25
wengzhenjie,REVIEW_COMMENT,216,2020-11-28T18:11:25
frank-zsy,REVIEW_COMMENT,216,2020-11-28T18:11:25
wengzhenjie,PR_OPEN,216,2020-11-28T18:11:25
sunshinemingo,NORMAL_COMMENT,204,2020-11-27T01:37:14
frank-zsy,PR_OPEN,204,2020-11-27T01:37:14
frank-zsy,NORMAL_COMMENT,206,2020-11-27T01:47:23
wengzhenjie,NORMAL_COMMENT,206,2020-11-27T01:47:23
wengzhenjie,REVIEW_COMMENT,206,2020-11-27T01:47:23
frank-zsy,REVIEW_COMMENT,206,2020-11-27T01:47:23
wengzhenjie,PR_OPEN,206,2020-11-27T01:47:23
frank-zsy,NORMAL_COMMENT,204,2020-11-27T01:37:14
frank-zsy,NORMAL_COMMENT,265,2020-12-17T03:18:43
frank-zsy,PR_OPEN,265,2020-12-17T03:18:43
birdflyi,NORMAL_COMMENT,207,2020-11-27T01:49:44
frank-zsy,NORMAL_COMMENT,207,2020-11-27T01:49:44
birdflyi,REVIEW_COMMENT,207,2020-11-27T01:49:44
frank-zsy,REVIEW_COMMENT,207,2020-11-27T01:49:44
birdflyi,PR_OPEN,207,2020-11-27T01:49:44
chenxi112,NORMAL_COMMENT,1265,2023-04-24T15:39:32
frank-zsy,NORMAL_COMMENT,1265,2023-04-24T15:39:32
chenxi112,PR_OPEN,1265,2023-04-24T15:39:32
chenxi112,NORMAL_COMMENT,276,2020-12-18T19:01:24
frank-zsy,NORMAL_COMMENT,276,2020-12-18T19:01:24
chenxi112,PR_OPEN,276,2020-12-18T19:01:24
sunshinemingo,NORMAL_COMMENT,1565,2024-05-19T02:51:40
sunshinemingo,NORMAL_COMMENT,1564,2024-05-19T02:42:32
sunshinemingo,NORMAL_COMMENT,1563,2024-05-19T02:08:46
sunshinemingo,NORMAL_COMMENT,1562,2024-05-19T01:27:47
sunshinemingo,NORMAL_COMMENT,1561,2024-05-19T01:02:21
sunshinemingo,NORMAL_COMMENT,1560,2024-05-18T23:52:53
sunshinemingo,NORMAL_COMMENT,1559,2024-05-18T22:48:30
frank-zsy,PR_OPEN,1217,2023-02-26T18:37:19
frank-zsy,PR_OPEN,1074,2022-11-28T20:59:06
frank-zsy,NORMAL_COMMENT,1074,2022-11-28T20:59:06
frank-zsy,REVIEW_COMMENT,1074,2022-11-28T20:59:06
sunshinemingo,PR_OPEN,1074,2022-11-28T20:59:06
frank-zsy,PR_OPEN,545,2021-04-29T07:48:55
frank-zsy,NORMAL_COMMENT,546,2021-04-29T08:22:24
frank-zsy,PR_OPEN,546,2021-04-29T08:22:24
frank-zsy,NORMAL_COMMENT,485,2021-02-22T19:02:05
frank-zsy,PR_OPEN,485,2021-02-22T19:02:05
frank-zsy,NORMAL_COMMENT,474,2021-02-19T22:23:29
frank-zsy,PR_OPEN,474,2021-02-19T22:23:29
frank-zsy,NORMAL_COMMENT,470,2021-02-18T19:32:47
frank-zsy,PR_OPEN,470,2021-02-18T19:32:47
frank-zsy,PR_OPEN,207,2020-11-27T01:49:44
frank-zsy,PR_OPEN,206,2020-11-27T01:47:23
frank-zsy,PR_OPEN,556,2021-05-12T19:42:03
frank-zsy,PR_OPEN,568,2021-06-01T03:22:44
wengzhenjie,NORMAL_COMMENT,602,2021-06-12T00:01:02
frank-zsy,NORMAL_COMMENT,602,2021-06-12T00:01:02
seeflood,NORMAL_COMMENT,602,2021-06-12T00:01:02
wengzhenjie,PR_OPEN,602,2021-06-12T00:01:02
will-ww,NORMAL_COMMENT,671,2021-11-12T04:48:23
frank-zsy,PR_OPEN,671,2021-11-12T04:48:23
frank-zsy,NORMAL_COMMENT,677,2021-11-22T21:49:03
gymgym1212,NORMAL_COMMENT,677,2021-11-22T21:49:03
gymgym1212,PR_OPEN,677,2021-11-22T21:49:03
frank-zsy,PR_OPEN,682,2021-12-02T00:51:45
gymgym1212,REVIEW_COMMENT,677,2021-11-22T21:49:03
frank-zsy,PR_OPEN,677,2021-11-22T21:49:03
frank-zsy,NORMAL_COMMENT,688,2021-12-05T20:50:27
gymgym1212,PR_OPEN,688,2021-12-05T20:50:27
frank-zsy,NORMAL_COMMENT,686,2021-12-02T01:58:52
gymgym1212,PR_OPEN,686,2021-12-02T01:58:52
frank-zsy,PR_OPEN,686,2021-12-02T01:58:52
frank-zsy,PR_OPEN,707,2022-01-06T20:16:32
frank-zsy,PR_OPEN,704,2021-12-29T23:33:11
frank-zsy,PR_OPEN,693,2021-12-08T18:05:35
frank-zsy,PR_OPEN,691,2021-12-07T21:54:06
frank-zsy,PR_OPEN,690,2021-12-07T21:15:21
frank-zsy,PR_OPEN,688,2021-12-05T20:50:27
frank-zsy,PR_OPEN,684,2021-12-02T01:14:13
wu-sheng,NORMAL_COMMENT,714,2022-01-15T02:39:21
frank-zsy,NORMAL_COMMENT,714,2022-01-15T02:39:21
frank-zsy,REVIEW_COMMENT,714,2022-01-15T02:39:21
wu-sheng,REVIEW_COMMENT,714,2022-01-15T02:39:21
frank-zsy,PR_OPEN,714,2022-01-15T02:39:21
frank-zsy,PR_OPEN,736,2022-02-23T02:08:37
frank-zsy,PR_OPEN,735,2022-02-23T01:58:12
frank-zsy,PR_OPEN,733,2022-02-23T00:10:57
frank-zsy,PR_OPEN,732,2022-02-22T23:44:13
frank-zsy,PR_OPEN,734,2022-02-23T01:47:08
frank-zsy,PR_OPEN,718,2022-01-18T04:31:47
frank-zsy,PR_OPEN,749,2022-03-04T03:44:24
frank-zsy,PR_OPEN,751,2022-03-04T18:46:05
frank-zsy,PR_OPEN,754,2022-03-04T19:18:23
frank-zsy,PR_OPEN,722,2022-01-21T23:31:31
frank-zsy,PR_OPEN,721,2022-01-21T23:20:07
frank-zsy,NORMAL_COMMENT,753,2022-03-04T19:13:49
xiaoya-yaya,PR_OPEN,753,2022-03-04T19:13:49
frank-zsy,NORMAL_COMMENT,759,2022-03-05T03:53:43
xiaoya-yaya,REVIEW_COMMENT,759,2022-03-05T03:53:43
frank-zsy,REVIEW_COMMENT,759,2022-03-05T03:53:43
xiaoya-yaya,PR_OPEN,759,2022-03-05T03:53:43
frank-zsy,PR_OPEN,769,2022-03-12T03:22:08
frank-zsy,PR_OPEN,768,2022-03-11T22:14:02
frank-zsy,PR_OPEN,781,2022-03-16T17:32:40
frank-zsy,PR_OPEN,791,2022-03-22T17:29:48
frank-zsy,PR_OPEN,790,2022-03-22T17:27:26
frank-zsy,PR_OPEN,789,2022-03-22T17:24:46
frank-zsy,PR_OPEN,788,2022-03-22T17:22:16
frank-zsy,PR_OPEN,803,2022-03-31T23:22:04
frank-zsy,PR_OPEN,811,2022-04-06T00:04:15
attlee-wang,NORMAL_COMMENT,817,2022-04-15T05:21:17
frank-zsy,NORMAL_COMMENT,817,2022-04-15T05:21:17
frank-zsy,PR_OPEN,817,2022-04-15T05:21:17
frank-zsy,PR_OPEN,827,2022-05-03T01:54:25
frank-zsy,NORMAL_COMMENT,830,2022-05-07T20:02:57
xiaoya-yaya,PR_OPEN,830,2022-05-07T20:02:57
frank-zsy,PR_OPEN,841,2022-05-26T20:51:22
frank-zsy,PR_OPEN,846,2022-05-30T16:16:38
frank-zsy,PR_OPEN,848,2022-05-31T21:06:39
frank-zsy,PR_OPEN,851,2022-06-05T03:51:52
frank-zsy,PR_OPEN,856,2022-06-05T22:59:42
frank-zsy,PR_OPEN,861,2022-06-06T19:02:47
frank-zsy,PR_OPEN,864,2022-06-08T17:20:06
frank-zsy,PR_OPEN,585,2021-06-01T21:06:08
frank-zsy,PR_OPEN,868,2022-06-10T06:47:43
xiaoya-yaya,NORMAL_COMMENT,587,2021-06-01T21:18:39
frank-zsy,NORMAL_COMMENT,587,2021-06-01T21:18:39
xiaoya-yaya,PR_OPEN,587,2021-06-01T21:18:39
frank-zsy,NORMAL_COMMENT,875,2022-06-15T23:17:37
xiaoya-yaya,PR_OPEN,875,2022-06-15T23:17:37
frank-zsy,PR_OPEN,882,2022-06-17T19:16:46
frank-zsy,PR_OPEN,881,2022-06-17T19:08:00
frank-zsy,PR_OPEN,880,2022-06-17T19:06:20
frank-zsy,PR_OPEN,879,2022-06-17T19:04:19
xiaoya-yaya,NORMAL_COMMENT,594,2021-06-01T22:33:07
frank-zsy,PR_OPEN,594,2021-06-01T22:33:07
frank-zsy,PR_OPEN,890,2022-06-21T23:43:25
frank-zsy,NORMAL_COMMENT,578,2021-06-01T19:54:43
xiaoya-yaya,REVIEW_COMMENT,578,2021-06-01T19:54:43
frank-zsy,REVIEW_COMMENT,578,2021-06-01T19:54:43
xiaoya-yaya,PR_OPEN,578,2021-06-01T19:54:43
frank-zsy,PR_OPEN,794,2022-03-22T23:55:24
frank-zsy,PR_OPEN,898,2022-06-30T17:35:01
frank-zsy,PR_OPEN,908,2022-07-08T23:42:12
yoyo-wu98,PR_OPEN,914,2022-07-18T09:45:08
yoyo-wu98,NORMAL_COMMENT,864,2022-06-08T17:20:06
frank-zsy,NORMAL_COMMENT,864,2022-06-08T17:20:06
yoyo-wu98,PR_OPEN,864,2022-06-08T17:20:06
frank-zsy,NORMAL_COMMENT,917,2022-07-20T04:05:13
yoyo-wu98,NORMAL_COMMENT,917,2022-07-20T04:05:13
yoyo-wu98,REVIEW_COMMENT,917,2022-07-20T04:05:13
frank-zsy,REVIEW_COMMENT,917,2022-07-20T04:05:13
yoyo-wu98,PR_OPEN,917,2022-07-20T04:05:13
frank-zsy,PR_OPEN,925,2022-07-26T21:17:05
longyanz,NORMAL_COMMENT,581,2021-06-01T20:30:49
xiaoya-yaya,NORMAL_COMMENT,581,2021-06-01T20:30:49
frank-zsy,NORMAL_COMMENT,581,2021-06-01T20:30:49
longyanz,PR_OPEN,581,2021-06-01T20:30:49
xiaoya-yaya,NORMAL_COMMENT,582,2021-06-01T20:45:47
longyanz,PR_OPEN,582,2021-06-01T20:45:47
longyanz,REVIEW_COMMENT,584,2021-06-01T20:54:16
frank-zsy,REVIEW_COMMENT,584,2021-06-01T20:54:16
longyanz,PR_OPEN,584,2021-06-01T20:54:16
longyanz,NORMAL_COMMENT,590,2021-06-01T21:51:06
frank-zsy,NORMAL_COMMENT,590,2021-06-01T21:51:06
xiaoya-yaya,REVIEW_COMMENT,590,2021-06-01T21:51:06
frank-zsy,REVIEW_COMMENT,590,2021-06-01T21:51:06
frank-zsy,PR_OPEN,590,2021-06-01T21:51:06
frank-zsy,PR_OPEN,941,2022-08-08T23:54:57
frank-zsy,PR_OPEN,940,2022-08-08T18:50:43
frank-zsy,PR_OPEN,814,2022-04-07T19:20:27
xiaoya-yaya,NORMAL_COMMENT,588,2021-06-01T21:38:20
frank-zsy,REVIEW_COMMENT,588,2021-06-01T21:38:20
xiaoya-yaya,REVIEW_COMMENT,588,2021-06-01T21:38:20
xiaoya-yaya,PR_OPEN,588,2021-06-01T21:38:20
frank-zsy,PR_OPEN,956,2022-09-01T02:53:29
frank-zsy,REVIEW_COMMENT,962,2022-09-08T18:57:20
frank-zsy,PR_OPEN,962,2022-09-08T18:57:20
xgdyp,NORMAL_COMMENT,979,2022-09-28T04:18:12
xgdyp,PR_OPEN,979,2022-09-28T04:18:12
yoyo-wu98,PR_OPEN,992,2022-10-10T00:06:36
yoyo-wu98,NORMAL_COMMENT,968,2022-09-12T19:35:00
frank-zsy,NORMAL_COMMENT,968,2022-09-12T19:35:00
frank-zsy,REVIEW_COMMENT,968,2022-09-12T19:35:00
zhicheng-ning,REVIEW_COMMENT,968,2022-09-12T19:35:00
yoyo-wu98,PR_OPEN,968,2022-09-12T19:35:00
xgdyp,NORMAL_COMMENT,999,2022-10-12T19:15:38
zhicheng-ning,REVIEW_COMMENT,999,2022-10-12T19:15:38
xgdyp,REVIEW_COMMENT,999,2022-10-12T19:15:38
zhicheng-ning,PR_OPEN,999,2022-10-12T19:15:38
xgdyp,NORMAL_COMMENT,1010,2022-10-22T21:50:12
xgdyp,REVIEW_COMMENT,1010,2022-10-22T21:50:12
Zzzzzhuzhiwei,PR_OPEN,1010,2022-10-22T21:50:12
xgdyp,REVIEW_COMMENT,1020,2022-10-30T21:03:16
lhbvvvvv,PR_OPEN,1020,2022-10-30T21:03:16
xgdyp,PR_OPEN,1017,2022-10-30T19:05:18
frank-zsy,PR_OPEN,1027,2022-11-06T07:23:03
zhicheng-ning,NORMAL_COMMENT,1033,2022-11-08T00:27:15
tyn1998,NORMAL_COMMENT,1033,2022-11-08T00:27:15
xgdyp,NORMAL_COMMENT,1033,2022-11-08T00:27:15
frank-zsy,NORMAL_COMMENT,1033,2022-11-08T00:27:15
frank-zsy,PR_OPEN,1033,2022-11-08T00:27:15
frank-zsy,NORMAL_COMMENT,579,2021-06-01T20:06:39
longyanz,PR_OPEN,579,2021-06-01T20:06:39
xgdyp,NORMAL_COMMENT,592,2021-06-01T22:09:19
frank-zsy,NORMAL_COMMENT,592,2021-06-01T22:09:19
longyanz,NORMAL_COMMENT,592,2021-06-01T22:09:19
longyanz,REVIEW_COMMENT,592,2021-06-01T22:09:19
frank-zsy,REVIEW_COMMENT,592,2021-06-01T22:09:19
longyanz,PR_OPEN,592,2021-06-01T22:09:19
frank-zsy,NORMAL_COMMENT,1048,2022-11-17T22:31:14
xgdyp,NORMAL_COMMENT,1048,2022-11-17T22:31:14
frank-zsy,PR_OPEN,1048,2022-11-17T22:31:14
frank-zsy,NORMAL_COMMENT,1046,2022-11-17T17:52:27
xgdyp,NORMAL_COMMENT,1046,2022-11-17T17:52:27
frank-zsy,PR_OPEN,1046,2022-11-17T17:52:27
xgdyp,NORMAL_COMMENT,1051,2022-11-17T23:34:00
frank-zsy,NORMAL_COMMENT,1051,2022-11-17T23:34:00
frank-zsy,PR_OPEN,1051,2022-11-17T23:34:00
xgdyp,NORMAL_COMMENT,1053,2022-11-19T21:48:32
frank-zsy,NORMAL_COMMENT,1053,2022-11-19T21:48:32
frank-zsy,PR_OPEN,1053,2022-11-19T21:48:32
xgdyp,NORMAL_COMMENT,1055,2022-11-20T00:02:44
frank-zsy,NORMAL_COMMENT,1055,2022-11-20T00:02:44
frank-zsy,PR_OPEN,1055,2022-11-20T00:02:44
xgdyp,NORMAL_COMMENT,1057,2022-11-20T02:35:13
frank-zsy,PR_OPEN,1030,2022-11-06T17:46:12
frank-zsy,NORMAL_COMMENT,1026,2022-11-03T19:31:13
xgdyp,REVIEW_COMMENT,1026,2022-11-03T19:31:13
longyanz,PR_OPEN,1026,2022-11-03T19:31:13
xgdyp,NORMAL_COMMENT,583,2021-06-01T20:49:42
frank-zsy,NORMAL_COMMENT,583,2021-06-01T20:49:42
xgdyp,REVIEW_COMMENT,583,2021-06-01T20:49:42
longyanz,PR_OPEN,583,2021-06-01T20:49:42
xgdyp,NORMAL_COMMENT,1030,2022-11-06T17:46:12
xgdyp,REVIEW_COMMENT,1030,2022-11-06T17:46:12
xgdyp,NORMAL_COMMENT,1064,2022-11-23T22:50:26
longyanz,NORMAL_COMMENT,1064,2022-11-23T22:50:26
frank-zsy,NORMAL_COMMENT,1064,2022-11-23T22:50:26
frank-zsy,REVIEW_COMMENT,1064,2022-11-23T22:50:26
xgdyp,REVIEW_COMMENT,1064,2022-11-23T22:50:26
frank-zsy,PR_OPEN,1064,2022-11-23T22:50:26
xgdyp,NORMAL_COMMENT,1072,2022-11-28T02:30:51
xgdyp,REVIEW_COMMENT,1072,2022-11-28T02:30:51
frank-zsy,PR_OPEN,1072,2022-11-28T02:30:51
xgdyp,NORMAL_COMMENT,864,2022-06-08T17:20:06
xgdyp,PR_OPEN,864,2022-06-08T17:20:06
frank-zsy,NORMAL_COMMENT,886,2022-06-20T19:07:19
xgdyp,REVIEW_COMMENT,886,2022-06-20T19:07:19
frank-zsy,REVIEW_COMMENT,886,2022-06-20T19:07:19
xgdyp,PR_OPEN,886,2022-06-20T19:07:19
xgdyp,REVIEW_COMMENT,864,2022-06-08T17:20:06
frank-zsy,REVIEW_COMMENT,864,2022-06-08T17:20:06
tyn1998,NORMAL_COMMENT,1074,2022-11-28T20:59:06
xgdyp,NORMAL_COMMENT,1074,2022-11-28T20:59:06
xgdyp,NORMAL_COMMENT,1084,2022-12-05T18:55:54
frank-zsy,NORMAL_COMMENT,1084,2022-12-05T18:55:54
xgdyp,REVIEW_COMMENT,1084,2022-12-05T18:55:54
frank-zsy,PR_OPEN,1084,2022-12-05T18:55:54
birdflyi,NORMAL_COMMENT,589,2021-06-01T21:45:04
xiaoya-yaya,NORMAL_COMMENT,589,2021-06-01T21:45:04
xgdyp,NORMAL_COMMENT,589,2021-06-01T21:45:04
frank-zsy,NORMAL_COMMENT,589,2021-06-01T21:45:04
longyanz,NORMAL_COMMENT,589,2021-06-01T21:45:04
xgdyp,REVIEW_COMMENT,589,2021-06-01T21:45:04
frank-zsy,REVIEW_COMMENT,589,2021-06-01T21:45:04
xiaoya-yaya,REVIEW_COMMENT,589,2021-06-01T21:45:04
longyanz,REVIEW_COMMENT,589,2021-06-01T21:45:04
longyanz,PR_OPEN,589,2021-06-01T21:45:04
birdflyi,NORMAL_COMMENT,586,2021-06-01T21:10:14
xiaoya-yaya,NORMAL_COMMENT,586,2021-06-01T21:10:14
xgdyp,NORMAL_COMMENT,586,2021-06-01T21:10:14
frank-zsy,NORMAL_COMMENT,586,2021-06-01T21:10:14
longyanz,NORMAL_COMMENT,586,2021-06-01T21:10:14
xgdyp,REVIEW_COMMENT,586,2021-06-01T21:10:14
frank-zsy,REVIEW_COMMENT,586,2021-06-01T21:10:14
xiaoya-yaya,REVIEW_COMMENT,586,2021-06-01T21:10:14
longyanz,REVIEW_COMMENT,586,2021-06-01T21:10:14
longyanz,PR_OPEN,586,2021-06-01T21:10:14
birdflyi,NORMAL_COMMENT,1093,2022-12-13T00:26:32
frank-zsy,NORMAL_COMMENT,1093,2022-12-13T00:26:32
bifenglin,REVIEW_COMMENT,1093,2022-12-13T00:26:32
birdflyi,PR_OPEN,1093,2022-12-13T00:26:32
xgdyp,NORMAL_COMMENT,1095,2022-12-13T22:36:06
xgdyp,REVIEW_COMMENT,1095,2022-12-13T22:36:06
frank-zsy,PR_OPEN,1095,2022-12-13T22:36:06
longyanz,NORMAL_COMMENT,584,2021-06-01T20:54:16
frank-zsy,NORMAL_COMMENT,584,2021-06-01T20:54:16
xgdyp,NORMAL_COMMENT,1087,2022-12-06T18:58:59
frank-zsy,NORMAL_COMMENT,1087,2022-12-06T18:58:59
frank-zsy,REVIEW_COMMENT,1087,2022-12-06T18:58:59
xgdyp,REVIEW_COMMENT,1087,2022-12-06T18:58:59
frank-zsy,PR_OPEN,1087,2022-12-06T18:58:59
xgdyp,NORMAL_COMMENT,1081,2022-12-04T06:46:53
frank-zsy,PR_OPEN,1081,2022-12-04T06:46:53
frank-zsy,NORMAL_COMMENT,1081,2022-12-04T06:46:53
xgdyp,NORMAL_COMMENT,1040,2022-11-10T22:21:22
tyn1998,REVIEW_COMMENT,1040,2022-11-10T22:21:22
frank-zsy,REVIEW_COMMENT,1040,2022-11-10T22:21:22
frank-zsy,PR_OPEN,1040,2022-11-10T22:21:22
xgdyp,NORMAL_COMMENT,1107,2022-12-22T20:36:10
frank-zsy,PR_OPEN,1107,2022-12-22T20:36:10
xgdyp,NORMAL_COMMENT,1109,2022-12-24T01:48:37
frank-zsy,PR_OPEN,1109,2022-12-24T01:48:37
xgdyp,NORMAL_COMMENT,1115,2022-12-28T20:41:05
frank-zsy,LABELED,1121,2023-01-02T17:55:48
frank-zsy,PR_OPEN,1121,2023-01-02T17:55:48
frank-zsy,LABELED,1124,2023-01-03T21:12:45
frank-zsy,PR_OPEN,1124,2023-01-03T21:12:45
xgdyp,NORMAL_COMMENT,1126,2023-01-03T23:19:02
zhicheng-ning,NORMAL_COMMENT,1126,2023-01-03T23:19:02
tyn1998,NORMAL_COMMENT,1126,2023-01-03T23:19:02
frank-zsy,REVIEW_COMMENT,1126,2023-01-03T23:19:02
zhicheng-ning,REVIEW_COMMENT,1126,2023-01-03T23:19:02
PureNatural,NORMAL_COMMENT,1128,2023-01-08T07:31:22
xgdyp,NORMAL_COMMENT,1128,2023-01-08T07:31:22
frank-zsy,NORMAL_COMMENT,1128,2023-01-08T07:31:22
PureNatural,PR_OPEN,1128,2023-01-08T07:31:22
xgdyp,NORMAL_COMMENT,1089,2022-12-09T00:40:47
bifenglin,NORMAL_COMMENT,1089,2022-12-09T00:40:47
frank-zsy,NORMAL_COMMENT,1089,2022-12-09T00:40:47
xgdyp,REVIEW_COMMENT,1089,2022-12-09T00:40:47
bifenglin,REVIEW_COMMENT,1089,2022-12-09T00:40:47
frank-zsy,REVIEW_COMMENT,1089,2022-12-09T00:40:47
bifenglin,PR_OPEN,1089,2022-12-09T00:40:47
frank-zsy,NORMAL_COMMENT,1136,2023-01-11T02:48:46
birdflyi,PR_OPEN,1136,2023-01-11T02:48:46
xgdyp,NORMAL_COMMENT,1122,2023-01-03T17:11:44
xgdyp,REVIEW_COMMENT,1122,2023-01-03T17:11:44
frank-zsy,PR_OPEN,1122,2023-01-03T17:11:44
xgdyp,NORMAL_COMMENT,1071,2022-11-28T00:18:11
frank-zsy,NORMAL_COMMENT,1071,2022-11-28T00:18:11
frank-zsy,PR_OPEN,1071,2022-11-28T00:18:11
frank-zsy,PR_OPEN,995,2022-10-11T19:55:33
frank-zsy,PR_OPEN,1143,2023-01-15T19:02:54
frank-zsy,LABELED,1142,2023-01-15T18:49:59
frank-zsy,PR_OPEN,1142,2023-01-15T18:49:59
frank-zsy,LABELED,586,2021-06-01T21:10:14
frank-zsy,PR_OPEN,586,2021-06-01T21:10:14
xgdyp,NORMAL_COMMENT,571,2021-06-01T04:43:40
frank-zsy,PR_OPEN,571,2021-06-01T04:43:40
frank-zsy,LABELED,576,2021-06-01T18:18:55
frank-zsy,NORMAL_COMMENT,576,2021-06-01T18:18:55
frank-zsy,PR_OPEN,576,2021-06-01T18:18:55
frank-zsy,LABELED,575,2021-06-01T07:02:19
frank-zsy,PR_OPEN,575,2021-06-01T07:02:19
frank-zsy,LABELED,574,2021-06-01T06:57:28
frank-zsy,PR_OPEN,574,2021-06-01T06:57:28
frank-zsy,LABELED,588,2021-06-01T21:38:20
frank-zsy,NORMAL_COMMENT,588,2021-06-01T21:38:20
frank-zsy,PR_OPEN,588,2021-06-01T21:38:20
frank-zsy,LABELED,591,2021-06-01T22:01:27
frank-zsy,PR_OPEN,591,2021-06-01T22:01:27
xgdyp,NORMAL_COMMENT,878,2022-06-16T20:42:52
frank-zsy,PR_OPEN,878,2022-06-16T20:42:52
frank-zsy,NORMAL_COMMENT,1160,2023-01-28T18:25:25
birdflyi,NORMAL_COMMENT,1160,2023-01-28T18:25:25
xgdyp,NORMAL_COMMENT,1160,2023-01-28T18:25:25
frank-zsy,PR_OPEN,1160,2023-01-28T18:25:25
xgdyp,NORMAL_COMMENT,1168,2023-01-31T00:19:45
frank-zsy,PR_OPEN,1168,2023-01-31T00:19:45
frank-zsy,LABELED,1172,2023-02-03T01:43:39
frank-zsy,PR_OPEN,1172,2023-02-03T01:43:39
frank-zsy,LABELED,1168,2023-01-31T00:19:45
frank-zsy,LABELED,1178,2023-02-07T19:11:56
frank-zsy,PR_OPEN,1178,2023-02-07T19:11:56
frank-zsy,LABELED,1180,2023-02-08T21:21:42
frank-zsy,PR_OPEN,1180,2023-02-08T21:21:42
xgdyp,NORMAL_COMMENT,1183,2023-02-09T01:53:43
frank-zsy,PR_OPEN,1183,2023-02-09T01:53:43
xgdyp,NORMAL_COMMENT,1186,2023-02-12T05:25:11
frank-zsy,PR_OPEN,1186,2023-02-12T05:25:11
xiaoya-yaya,NORMAL_COMMENT,1183,2023-02-09T01:53:43
xgdyp,NORMAL_COMMENT,1195,2023-02-13T18:06:52
frank-zsy,NORMAL_COMMENT,1195,2023-02-13T18:06:52
Gdakgdak22,REVIEW_COMMENT,1195,2023-02-13T18:06:52
frank-zsy,PR_OPEN,1195,2023-02-13T18:06:52
xgdyp,NORMAL_COMMENT,1197,2023-02-13T22:21:18
frank-zsy,NORMAL_COMMENT,1197,2023-02-13T22:21:18
frank-zsy,PR_OPEN,1197,2023-02-13T22:21:18
xgdyp,NORMAL_COMMENT,1199,2023-02-13T23:00:11
frank-zsy,NORMAL_COMMENT,1199,2023-02-13T23:00:11
frank-zsy,PR_OPEN,1199,2023-02-13T23:00:11
xgdyp,NORMAL_COMMENT,1201,2023-02-14T06:29:30
frank-zsy,PR_OPEN,1201,2023-02-14T06:29:30
xgdyp,NORMAL_COMMENT,1210,2023-02-22T23:14:34
frank-zsy,PR_OPEN,1210,2023-02-22T23:14:34
xgdyp,NORMAL_COMMENT,1212,2023-02-22T23:44:24
xgdyp,NORMAL_COMMENT,508,2021-04-01T07:24:24
frank-zsy,PR_OPEN,508,2021-04-01T07:24:24
frank-zsy,NORMAL_COMMENT,1221,2023-03-02T03:07:45
Zzzzzhuzhiwei,PR_OPEN,1221,2023-03-02T03:07:45
zhicheng-ning,NORMAL_COMMENT,1228,2023-03-08T03:45:07
frank-zsy,NORMAL_COMMENT,1228,2023-03-08T03:45:07
frank-zsy,REVIEW_COMMENT,1228,2023-03-08T03:45:07
yanchaomei,PR_OPEN,1228,2023-03-08T03:45:07
frank-zsy,LABELED,1234,2023-03-20T17:12:18
xgdyp,PR_OPEN,1234,2023-03-20T17:12:18
frank-zsy,LABELED,1232,2023-03-13T19:33:24
frank-zsy,NORMAL_COMMENT,1232,2023-03-13T19:33:24
xgdyp,PR_OPEN,1232,2023-03-13T19:33:24
Zzzzzhuzhiwei,NORMAL_COMMENT,1217,2023-02-26T18:37:19
xgdyp,NORMAL_COMMENT,1217,2023-02-26T18:37:19
Zzzzzhuzhiwei,PR_OPEN,1217,2023-02-26T18:37:19
xgdyp,NORMAL_COMMENT,1245,2023-04-04T13:05:08
birdflyi,PR_OPEN,1245,2023-04-04T13:05:08
Zzzzzhuzhiwei,PR_OPEN,1249,2023-04-05T17:11:05
xgdyp,NORMAL_COMMENT,1253,2023-04-12T14:53:27
birdflyi,PR_OPEN,1253,2023-04-12T14:53:27
snyk-bot,PR_OPEN,132,2020-10-11T20:00:00
snyk-bot,PR_OPEN,110,2020-09-25T00:50:05
snyk-bot,PR_OPEN,286,2020-12-20T20:00:00
tc2000731,NORMAL_COMMENT,1272,2023-04-28T08:11:25
xgdyp,NORMAL_COMMENT,1272,2023-04-28T08:11:25
tc2000731,PR_OPEN,1272,2023-04-28T08:11:25
xgdyp,NORMAL_COMMENT,1283,2023-05-07T19:08:18
birdflyi,REVIEW_COMMENT,1283,2023-05-07T19:08:18
xgdyp,REVIEW_COMMENT,1283,2023-05-07T19:08:18
birdflyi,PR_OPEN,1283,2023-05-07T19:08:18
birdflyi,REVIEW_COMMENT,1253,2023-04-12T14:53:27
xgdyp,REVIEW_COMMENT,1253,2023-04-12T14:53:27
xgdyp,NORMAL_COMMENT,1279,2023-05-03T05:43:06
frank-zsy,NORMAL_COMMENT,1279,2023-05-03T05:43:06
frank-zsy,PR_OPEN,1279,2023-05-03T05:43:06
xgdyp,NORMAL_COMMENT,1256,2023-04-15T23:33:44
tyn1998,NORMAL_COMMENT,1256,2023-04-15T23:33:44
tyn1998,REVIEW_COMMENT,1256,2023-04-15T23:33:44
xgdyp,REVIEW_COMMENT,1256,2023-04-15T23:33:44
tyn1998,PR_OPEN,1256,2023-04-15T23:33:44
frank-zsy,NORMAL_COMMENT,132,2020-10-11T20:00:00
xgdyp,PR_OPEN,132,2020-10-11T20:00:00
xgdyp,NORMAL_COMMENT,1268,2023-04-26T07:21:00
frank-zsy,PR_OPEN,1268,2023-04-26T07:21:00
xgdyp,NORMAL_COMMENT,1216,2023-02-26T04:31:51
frank-zsy,PR_OPEN,1216,2023-02-26T04:31:51
frank-zsy,NORMAL_COMMENT,1270,2023-04-26T22:26:59
frank-zsy,PR_OPEN,1270,2023-04-26T22:26:59
frank-zsy,NORMAL_COMMENT,1269,2023-04-26T21:19:07
frank-zsy,PR_OPEN,1269,2023-04-26T21:19:07
xgdyp,NORMAL_COMMENT,1302,2023-05-29T01:46:25
xiaoya-yaya,PR_OPEN,1302,2023-05-29T01:46:25
xgdyp,PR_OPEN,204,2020-11-27T01:37:14
xgdyp,NORMAL_COMMENT,1313,2023-06-12T16:53:42
birdflyi,PR_OPEN,1313,2023-06-12T16:53:42
xgdyp,NORMAL_COMMENT,1315,2023-06-13T00:37:40
birdflyi,PR_OPEN,1315,2023-06-13T00:37:40
frank-zsy,NORMAL_COMMENT,1319,2023-06-18T22:53:14
Zzzzzhuzhiwei,PR_OPEN,1319,2023-06-18T22:53:14
PureNatural,NORMAL_COMMENT,1322,2023-06-21T20:51:20
frank-zsy,NORMAL_COMMENT,1322,2023-06-21T20:51:20
birdflyi,REVIEW_COMMENT,1322,2023-06-21T20:51:20
PureNatural,PR_OPEN,1322,2023-06-21T20:51:20
xgdyp,PR_OPEN,208,2020-11-27T01:52:01
xgdyp,NORMAL_COMMENT,1331,2023-07-03T20:04:12
frank-zsy,PR_OPEN,1331,2023-07-03T20:04:12
frank-zsy,PR_OPEN,1329,2023-07-02T22:49:23
frank-zsy,PR_OPEN,1338,2023-07-10T22:35:46
frank-zsy,PR_OPEN,1342,2023-07-18T00:47:53
xgdyp,NORMAL_COMMENT,1265,2023-04-24T15:39:32
lhbvvvvv,PR_OPEN,1265,2023-04-24T15:39:32
frank-zsy,NORMAL_COMMENT,1351,2023-07-31T07:54:36
birdflyi,PR_OPEN,1351,2023-07-31T07:54:36
frank-zsy,NORMAL_COMMENT,1313,2023-06-12T16:53:42
frank-zsy,PR_OPEN,1350,2023-07-31T01:12:15
xgdyp,NORMAL_COMMENT,1357,2023-08-06T20:02:00
frank-zsy,PR_OPEN,1357,2023-08-06T20:02:00
frank-zsy,NORMAL_COMMENT,1266,2023-04-24T16:41:08
Zzzzzhuzhiwei,NORMAL_COMMENT,1266,2023-04-24T16:41:08
Zzzzzhuzhiwei,REVIEW_COMMENT,1266,2023-04-24T16:41:08
frank-zsy,REVIEW_COMMENT,1266,2023-04-24T16:41:08
Zzzzzhuzhiwei,PR_OPEN,1266,2023-04-24T16:41:08
xgdyp,NORMAL_COMMENT,1362,2023-08-11T01:29:39
frank-zsy,PR_OPEN,1362,2023-08-11T01:29:39
frank-zsy,NORMAL_COMMENT,1371,2023-08-23T20:01:24
xgdyp,NORMAL_COMMENT,1371,2023-08-23T20:01:24
frank-zsy,PR_OPEN,1371,2023-08-23T20:01:24
lhbvvvvv,NORMAL_COMMENT,1265,2023-04-24T15:39:32
frank-zsy,NORMAL_COMMENT,1376,2023-08-26T07:42:32
birdflyi,PR_OPEN,1376,2023-08-26T07:42:32
xgdyp,NORMAL_COMMENT,1374,2023-08-25T00:45:45
frank-zsy,PR_OPEN,1374,2023-08-25T00:45:45
xgdyp,NORMAL_COMMENT,1364,2023-08-13T02:18:24
frank-zsy,PR_OPEN,1364,2023-08-13T02:18:24
Zzzzzhuzhiwei,NORMAL_COMMENT,1393,2023-09-26T07:59:58
birdflyi,PR_OPEN,1393,2023-09-26T07:59:58
Zzzzzhuzhiwei,NORMAL_COMMENT,1376,2023-08-26T07:42:32
frank-zsy,PR_OPEN,1398,2023-10-06T18:58:22
Zzzzzhuzhiwei,NORMAL_COMMENT,1400,2023-10-08T18:08:48
frank-zsy,NORMAL_COMMENT,1400,2023-10-08T18:08:48
frank-zsy,PR_OPEN,1400,2023-10-08T18:08:48
frank-zsy,REVIEW_COMMENT,1400,2023-10-08T18:08:48
Zzzzzhuzhiwei,PR_OPEN,1400,2023-10-08T18:08:48
Zzzzzhuzhiwei,NORMAL_COMMENT,1388,2023-09-15T19:21:50
frank-zsy,PR_OPEN,1388,2023-09-15T19:21:50
Zzzzzhuzhiwei,NORMAL_COMMENT,1105,2022-12-22T00:44:00
Zzzzzhuzhiwei,NORMAL_COMMENT,1407,2023-10-12T17:55:29
frank-zsy,NORMAL_COMMENT,1407,2023-10-12T17:55:29
frank-zsy,PR_OPEN,1407,2023-10-12T17:55:29
Zzzzzhuzhiwei,NORMAL_COMMENT,1408,2023-10-13T00:22:42
frank-zsy,NORMAL_COMMENT,1408,2023-10-13T00:22:42
frank-zsy,PR_OPEN,1408,2023-10-13T00:22:42
frank-zsy,NORMAL_COMMENT,1416,2023-10-27T05:57:27
birdflyi,PR_OPEN,1416,2023-10-27T05:57:27
frank-zsy,NORMAL_COMMENT,1393,2023-09-26T07:59:58
Zzzzzhuzhiwei,NORMAL_COMMENT,1433,2023-11-28T10:25:49
birdflyi,PR_OPEN,1433,2023-11-28T10:25:49
Zzzzzhuzhiwei,NORMAL_COMMENT,1416,2023-10-27T05:57:27
frank-zsy,NORMAL_COMMENT,1437,2023-11-30T01:40:45
frank-zsy,PR_OPEN,1437,2023-11-30T01:40:45
birdflyi,PR_OPEN,961,2022-09-08T18:18:35
frank-zsy,PR_OPEN,1454,2023-12-26T00:02:28
frank-zsy,NORMAL_COMMENT,1457,2023-12-31T11:39:40
birdflyi,PR_OPEN,1457,2023-12-31T11:39:40
frank-zsy,NORMAL_COMMENT,1433,2023-11-28T10:25:49
frank-zsy,PR_OPEN,577,2021-06-01T18:38:02
birdflyi,NORMAL_COMMENT,1484,2024-01-09T22:52:00
birdflyi,PR_OPEN,1484,2024-01-09T22:52:00
birdflyi,NORMAL_COMMENT,1421,2023-10-31T20:57:40
birdflyi,PR_OPEN,1421,2023-10-31T20:57:40
frank-zsy,NORMAL_COMMENT,1484,2024-01-09T22:52:00
birdflyi,REVIEW_COMMENT,1484,2024-01-09T22:52:00
frank-zsy,REVIEW_COMMENT,1484,2024-01-09T22:52:00
frank-zsy,PR_OPEN,1490,2024-01-11T00:07:06
frank-zsy,NORMAL_COMMENT,1492,2024-01-11T00:59:01
frank-zsy,PR_OPEN,1492,2024-01-11T00:59:01
frank-zsy,PR_OPEN,1494,2024-01-11T03:05:11
birdflyi,NORMAL_COMMENT,1478,2024-01-09T06:09:38
frank-zsy,NORMAL_COMMENT,1478,2024-01-09T06:09:38
birdflyi,REVIEW_COMMENT,1478,2024-01-09T06:09:38
frank-zsy,REVIEW_COMMENT,1478,2024-01-09T06:09:38
birdflyi,PR_OPEN,1478,2024-01-09T06:09:38
birdflyi,NORMAL_COMMENT,1463,2024-01-04T04:41:33
frank-zsy,NORMAL_COMMENT,1463,2024-01-04T04:41:33
birdflyi,REVIEW_COMMENT,1463,2024-01-04T04:41:33
frank-zsy,REVIEW_COMMENT,1463,2024-01-04T04:41:33
birdflyi,PR_OPEN,1463,2024-01-04T04:41:33
frank-zsy,PR_OPEN,1499,2024-01-14T18:56:48
frank-zsy,PR_OPEN,1501,2024-01-14T20:57:17
frank-zsy,PR_OPEN,1497,2024-01-11T17:47:20
birdflyi,PR_OPEN,1517,2024-01-27T17:17:37
frank-zsy,PR_OPEN,1526,2024-02-26T01:27:09
birdflyi,PR_OPEN,1528,2024-02-29T08:14:35
frank-zsy,PR_OPEN,1531,2024-03-06T00:20:30
frank-zsy,NORMAL_COMMENT,1540,2024-03-27T17:59:16
frank-zsy,PR_OPEN,1540,2024-03-27T17:59:16
frank-zsy,NORMAL_COMMENT,1536,2024-03-22T03:26:21
frank-zsy,PR_OPEN,1536,2024-03-22T03:26:21
frank-zsy,NORMAL_COMMENT,1533,2024-03-13T02:32:02
frank-zsy,PR_OPEN,1533,2024-03-13T02:32:02
birdflyi,PR_OPEN,1543,2024-03-31T07:22:04
frank-zsy,NORMAL_COMMENT,1551,2024-04-30T08:11:47
birdflyi,PR_OPEN,1551,2024-04-30T08:11:47
frank-zsy,NORMAL_COMMENT,1543,2024-03-31T07:22:04
frank-zsy,PR_OPEN,1555,2024-05-14T06:26:02
frank-zsy,PR_OPEN,1557,2024-05-14T06:54:00
frank-zsy,PR_OPEN,1568,2024-05-22T18:29:42
frank-zsy,NORMAL_COMMENT,1573,2024-05-29T16:58:25
birdflyi,PR_OPEN,1573,2024-05-29T16:58:25
pacoxu,NORMAL_COMMENT,1548,2024-04-22T03:26:49
frank-zsy,PR_OPEN,1548,2024-04-22T03:26:49
pacoxu,NORMAL_COMMENT,1545,2024-04-04T05:06:53
frank-zsy,PR_OPEN,1545,2024-04-04T05:06:53
frank-zsy,NORMAL_COMMENT,1582,2024-06-30T01:15:52
birdflyi,PR_OPEN,1582,2024-06-30T01:15:52
Peng99999,NORMAL_COMMENT,1580,2024-06-18T19:17:48
frank-zsy,NORMAL_COMMENT,1580,2024-06-18T19:17:48
birdflyi,PR_OPEN,1580,2024-06-18T19:17:48
Peng99999,NORMAL_COMMENT,1578,2024-06-09T09:17:02
frank-zsy,NORMAL_COMMENT,1578,2024-06-09T09:17:02
birdflyi,PR_OPEN,1578,2024-06-09T09:17:02
frank-zsy,NORMAL_COMMENT,1599,2024-07-31T08:35:34
birdflyi,PR_OPEN,1599,2024-07-31T08:35:34
frank-zsy,NORMAL_COMMENT,1497,2024-01-11T17:47:20
frank-zsy,PR_OPEN,1603,2024-08-18T00:27:05
